id,domain,status,purchase_price,renewal_price,attractiveness,demand,length,registrar,created_at,expires_at,status_verified_at
be2e5747-b84c-47d7-9fc2-0ad0c2363092,auckland.store,premium,812.5,3250,high,low,8,namecheap,,,21/09/2026 02:39
25dd7436-fddb-4088-9098-3f878bdd820e,flexibly.store,premium,81.25,325,high,low,8,namecheap,,,14/09/2026 18:58
6efe76d8-6a06-4074-bada-921d615992cc,placidity.store,available,,,high,high,9,,,,
0e1c0cd2-6153-4ca4-b85f-4fc9aa14194f,secureness.store,available,,,high,high,10,,,,
24f54c70-c8c2-427c-ac73-3f0d6c5de523,citify.store,available,,,high,high,6,,,,
ae38954f-425c-4a9b-ac02-d67d09c8f267,hmm.store,available,,,high,high,3,,,,
8d878735-007e-45f1-bc35-4b69304211e8,boardwalks.store,available,,,medium,low,10,,,,
0e510f90-adf9-4076-a42c-157a3bc2dd1b,wizened.store,available,0.98,43.98,high,medium,7,namecheap,,,10/09/2026 07:00
31f61420-49fa-450b-964b-226e9cbacb69,imprimatur.store,available,,,high,high,10,,,,
934af00d-0ea4-44a9-aa51-91d0d2110f83,lacerate.store,premium,78.12,312.5,medium,low,8,name.com,,,22/08/2026 17:51
60916ec9-1d68-4358-a89c-aa876461847a,morphing.store,available,,,high,high,8,,,,
d7bca80f-fbf9-4d6c-83f4-0ee2c196f1cc,features.store,available,,,high,medium,8,,,,
c7dee9cd-f5b7-4114-b233-824e5de255d7,resulted.store,premium,302.5,302.5,medium,low,8,namesilo,,,19/09/2026 00:26
48ea6c10-4d32-4069-800c-2f567a7038fa,help.store,premium,3450,3450,high,medium,4,namesilo,,,22/09/2026 10:03
31bfb9cf-7258-4215-8361-8cb4b1baa33c,factions.store,available,,,high,low,8,,,,
ea919f8b-93d5-40fa-b9ea-c27948deaf2b,lineal.store,premium,78.12,312.5,high,low,6,name.com,,,23/08/2026 14:16
78766088-eb7e-488c-9922-d8ed1bebe8e9,separated.store,premium,302.5,302.5,high,low,9,namesilo,,,19/09/2026 04:08
896e3d5a-f539-43d7-a548-c29c7f3d1d18,fontina.store,available,,,high,low,7,,,,
2c10a3c5-3be2-4c36-add4-1827bd645234,invoices.store,available,,,high,medium,8,,,,
141f4023-4c08-4e05-83bf-c5a7f6f396eb,bellies.store,available,,,high,low,7,,,,
67b60932-b993-44bd-9882-de16d3d77715,armlet.store,available,5.19,58.99,high,low,6,namesilo,,,20/09/2026 06:20
cb518edf-ab83-4c63-95e5-5aaf7af467fa,spruces.store,available,,,high,low,7,,,,
23d5a220-cb86-47dc-bbf8-ee34c0b53fd8,fluently.store,resell,,,high,low,8,"GoDaddy.com, LLC",24/09/2025 20:18,24/09/2027 23:59,26/09/2026 06:10
f7b49745-ef22-4978-9978-e89d8ea49630,reaction.store,premium,1107,1107,high,low,8,namesilo,,,24/09/2026 14:16
012aafe7-404a-421d-9bb3-aa12b7d231fd,genova.store,available,,,high,high,6,,,,
56dc2946-8627-4526-a130-10ab8e9ed06f,sensation.store,premium,1107,1107,high,low,9,namesilo,,,21/09/2026 17:34
f2e01c6b-0d1a-4aa1-aa16-ac5efbce4307,bulgogi.store,available,,,high,low,7,,,,
fca24d70-7e1b-4c5a-9fa3-8749d40ccd09,shitlist.store,premium,302.5,302.5,medium,low,8,namesilo,,,24/09/2026 00:19
75f79129-c396-4419-afd9-9b5af61cbbf1,secrecy.store,premium,1107,1107,high,low,7,namesilo,,,24/09/2026 17:03
c252edd3-da4b-4171-b28c-c044e8f8dcc0,scorsese.store,available,,,high,high,8,,,,
eb24ea4e-8039-4121-b8a5-841e2139467e,upholland.store,available,,,high,high,10,,,,
f031db72-9802-4ca6-8db7-fd633b5bb69f,queenright.store,available,,,high,high,10,,,,
9352d058-4285-45cd-bc9f-e979d7cf7758,ramjet.store,premium,302.5,302.5,high,low,6,namesilo,,,20/09/2026 20:48
5b607c6e-b441-425a-a481-e3f831a37cef,closing.store,premium,325,1300,high,low,7,namecheap,,,08/09/2026 06:59
48e9ea7d-f1e7-4e32-afb2-47c1d072d540,louisville.store,available,,,high,high,10,,,,
1bb406c0-02c9-4fdc-8694-681dd94f5690,pescetarians.store,available,,,medium,low,12,,,,
e60dd744-bbae-42f9-8017-c60971cd00c2,days.store,premium,781.25,,high,low,4,name.com,,,
4d9bdcf8-a97b-4ae3-9e17-371e6c64386e,warmest.store,available,,,high,low,7,,,,
fc88539e-6a71-4923-a7b6-2b125a5681ca,translocate.store,available,,,high,high,11,,,,
45266297-f26f-4821-a354-47683c7fd857,gripping.store,premium,81.25,325,high,low,8,namecheap,,,21/09/2026 15:05
5bb785aa-5f6e-4b71-9a08-e0080211bd83,forecaster.store,available,,,high,high,10,,,,
b4dcf335-d7e6-447b-9601-4744d8c4505f,presented.store,available,,,high,low,9,,,,
70bcc566-3b20-4375-b46e-1cd0116fb03b,escarole.store,available,,,high,high,8,,,,
8b0ebcf9-1e45-478b-aa85-c56dbf14f5c4,ananias.store,premium,640,640,medium,low,7,namesilo,,,19/09/2026 02:03
b2a1d301-e9de-41dd-8e64-bea2909acc6a,bill.store,premium,3450,3450,high,low,4,namesilo,,,19/09/2026 17:00
1f68a656-ec75-4d0a-9514-59b936fb1f8e,insignificant.store,premium,156.25,,high,low,13,name.com,,,
8f84c615-2400-4ca9-a44c-6bd8e15731a9,repackage.store,available,,,high,high,9,,,,
0eea2230-79a5-4954-a5c4-9ae2412e1a03,signatory.store,available,,,high,high,9,,,,
bff44708-8896-449a-9d17-887700f5dc93,repolarization.store,available,,,high,low,14,,,,
a7a6bdb9-5e46-4dba-a75e-04623b73b7e6,obtains.store,available,,,medium,low,7,,,,
38aba3da-1c97-4d42-b34e-3813541c393c,baselevel.store,available,,,high,high,9,,,,
ef77bc89-d262-4a5d-be5e-3bb38f5eed4a,dynamite.store,premium,1107,1107,high,low,8,namesilo,,,25/09/2026 22:28
6ff4edf2-2be8-4785-a8c4-9fe5870c75a9,tactful.store,premium,156.25,625,high,low,7,name.com,,,22/08/2026 15:49
d3ecbaed-6c03-4087-89a8-a98ab54b6456,computor.store,available,,,high,high,8,,,,
3e8945f0-0e00-407a-870b-7b4a22c1e0f2,tingle.store,premium,81.25,325,high,low,6,namecheap,,,11/09/2026 16:11
40e845c2-b739-4309-83ac-e5272b5ef1ec,reticuli.store,available,,,medium,low,8,,,,
e406b0d4-9fc7-4bdc-9946-181d53c86a45,epicene.store,premium,78.12,312.5,high,low,7,name.com,,,12/08/2026 08:38
e431e822-e94b-4096-a684-2fac3c9680be,fredna.store,available,,,high,high,6,,,,
4054a817-8614-4b13-9773-d97d4cf2a554,parma.store,available,,,high,high,5,,,,
a97acffb-08a2-4bcb-83b5-8e048e470dc0,lawcourt.store,available,,,high,high,8,,,,
f04c6083-87a3-4613-91eb-8550233ff6d0,macified.store,available,,,medium,low,9,,,,
2a1291ba-77b1-46f9-badf-763fc306c5d4,howard.store,premium,1107,1107,high,low,6,namesilo,,,25/09/2026 04:08
c9ba7bd1-5a68-47ee-ad5c-28facdc63cac,partner.store,premium,3450,3450,high,low,7,namesilo,,,23/09/2026 11:42
fd58711e-65c6-4190-87f2-76f2ee27bc15,topics.store,available,,,high,medium,6,,,,
ef9f3381-2598-47a8-9221-a505f82be020,unprovincial.store,available,,,high,high,12,,,,
e19ab524-557f-495c-8aba-00bae970851e,splendidly.store,premium,325,1300,high,low,10,namecheap,,,14/09/2026 16:44
d6265849-4f10-42ab-a94b-4e543d466ac1,childproofed.store,available,,,medium,low,12,,,,
b0b73f12-7e9f-4f90-8f7b-7d14861f7f53,frenemy.store,available,,,high,high,7,,,,
3bf4f694-f3a1-47a9-b29a-bc050fff4be5,breeds.store,premium,302.5,302.5,high,low,6,namesilo,,,20/09/2026 01:09
cec73f97-7bdb-4daf-8b18-d21aa3c8239c,fascinate.store,available,,,high,low,9,,,,
6ad92d1a-b579-428f-8bbd-628845be46a6,tranquilizer.store,available,,,high,high,12,,,,
8a7e7560-b812-43df-ae3e-22f932e69d9b,glamorize.store,available,5.19,58.99,high,high,9,namesilo,,,25/09/2026 10:31
5750d5fd-0404-4c1e-ac2d-8b765d23386b,valuation.store,premium,3450,3450,high,high,9,namesilo,,,25/09/2026 15:09
e3f64f7b-3b77-49fe-9194-c918d55608ad,smoothingly.store,available,,,high,high,11,,,,
607efb97-61ab-4251-92c0-e496c9342d5c,viatical.store,premium,81.25,325,medium,low,8,namecheap,,,13/09/2026 05:03
9649803a-bc7f-47fd-9d08-7b18cc254a7c,alkahest.store,premium,302.5,302.5,high,low,8,namesilo,,,18/09/2026 03:42
cda8f027-0444-4682-91ba-2a64fb47b2e7,mahdi.store,available,,,high,high,5,,,,
1b66ca88-b387-4484-bd71-699c8033fd03,quakerism.store,available,,,high,high,9,,,,
2df633c6-fc88-4c80-9e33-5bbdaca0deea,stephie.store,available,5.19,58.99,high,high,7,namesilo,,,25/09/2026 14:21
474e34f6-785b-4db7-97ee-048525d3aa2f,hostelry.store,available,5.19,58.99,high,low,8,namesilo,,,21/09/2026 02:26
d5092b42-9528-43e7-85e8-fac43c40f676,djinni.store,available,,,high,high,6,,,,
fef1a2a1-1c4a-4487-8da3-06711b827b11,wettable.store,available,,,high,high,8,,,,
20c5e088-9460-49fd-912c-000821fc3976,elucidating.store,available,,,high,low,11,,,,
7c2f0d5f-88cf-4e6b-97e0-337d71c5a4af,conceptual.store,premium,781.25,3125,high,low,10,name.com,,,12/08/2026 20:05
441a45a2-c0e3-48ce-8276-4dd0030cc817,prophecies.store,available,,,high,low,10,,,,
0b3664ed-7dec-45da-8e3d-4de81f001831,recalculate.store,available,,,high,high,11,,,,
ab5fa6a8-9255-407c-ac18-e79329ea0841,owing.store,premium,156.25,,high,low,5,name.com,,,
87d4970d-9429-4f26-8483-b98db20b6eec,penultima.store,available,0.98,43.98,high,low,9,namecheap,,,08/09/2026 15:14
168616fa-5867-4793-9a09-66fd79162b4a,armeria.store,premium,81.25,325,high,low,7,namecheap,,,20/09/2026 06:43
2c21ff42-5930-4939-8419-de8d9449b01b,realizable.store,available,5.19,58.99,high,low,10,namesilo,,,21/09/2026 15:51
e407570f-4c27-4f20-9b28-a06b8ed2a8ef,chandelier.store,available,,,high,high,10,,,,
593a858d-dd50-4725-8d09-68a7fa520531,heart.store,premium,1107,1107,high,low,5,namesilo,,,23/09/2026 13:28
6352085a-75e5-4613-9dfa-57b3700e5c36,pumas.store,available,,,high,low,5,,,,
b1d91e7b-5383-42dd-88ed-0fa919da41af,daring.store,premium,781.25,3125,high,low,6,name.com,,,07/08/2026 21:39
6030c58d-adab-42fd-8e8f-f3be5b2daf05,randomised.store,available,0.98,43.98,high,medium,10,namecheap,,,09/09/2026 10:15
9638ba37-5d00-4489-9c3b-79ffcab20209,banker.store,premium,1107,1107,high,low,6,namesilo,,,22/09/2026 02:46
5ab6d67e-68d3-4406-8988-da80c73ae99e,teaching.store,premium,3450,3450,high,low,8,namesilo,,,24/09/2026 22:15
d47c2fae-4180-4861-afb9-6345d51a5a6d,kashmir.store,available,,,high,high,7,,,,
a7d14048-d6a8-4314-9979-e14e098f6034,childminder.store,available,,,high,high,11,,,,
ad11f7c6-9dda-486b-9d4d-8c6fab4c5a2e,striation.store,available,5.19,58.99,high,low,9,namesilo,,,22/09/2026 01:19
d536b44e-a533-4b4b-9e2f-653860c76a40,graysexual.store,available,,,high,high,11,,,,
2e84221f-41c0-48c6-8f56-25f4e1502259,trousering.store,available,,,high,high,10,,,,
e263e998-3100-4ff8-9499-9b11bae3dfb5,fri.store,available,,,high,high,3,,,,
0e2b7d39-5d1a-4c37-977e-f50b5341c4de,perfecting.store,available,,,high,low,10,,,,
acece675-d205-4180-bdf9-883a183e7935,veil.store,available,,,high,high,4,,,,
5e7e1c3e-1243-4a09-b302-83ce7d74f2bd,steamroller.store,available,,,high,high,11,,,,
cf02f127-225b-4f77-a3df-eb9a7b4d0c6e,marseille.store,available,,,high,high,9,,,,
88119f78-f254-41b0-9162-a0a8390c54a1,whirligig.store,available,,,high,high,9,,,,
ce05ffa6-e94e-4e60-82ec-d822bd351605,sale.store,premium,1562.5,,high,low,4,name.com,,,
bf59f3bf-cf51-4aef-8447-036fe6b78898,photorealistic.store,available,,,high,high,14,,,,
5e198961-b5e7-4e0c-9be1-f178e883df19,lamington.store,available,,,high,high,9,,,,
19db6085-f52c-4b90-97ab-3f4aad4d1863,clicker.store,available,,,high,high,7,,,,
ecae1ad4-6509-46e4-81ca-04afa4ba0c18,chanson.store,available,,,high,high,7,,,,
102549c1-69c4-4696-9df7-cb57c0cf9ace,nonunion.store,available,0.98,43.98,high,low,8,namecheap,,,03/09/2026 20:58
d0fbca24-bf44-4f3c-86dc-c2a1343ebdd0,eagerly.store,premium,162.5,650,high,low,7,namecheap,,,14/09/2026 14:54
80faed34-797d-4b66-bfea-f401b24681d5,nicu.store,available,,,high,high,4,,,,
90834b57-7604-404b-8eee-3d764a9d500b,islam.store,available,,,high,high,5,,,,
3b158d18-72ec-4c8f-8e7c-fb2244701ea6,very.store,premium,312.5,,high,low,4,name.com,,,
3f64fb62-258d-40f6-9a00-432f82290864,coulombic.store,available,,,high,high,9,,,,
86e2066a-627d-484f-b322-cbbbc5343648,shortfin.store,available,,,high,high,8,,,,
4083c74e-1c8d-4c20-b306-ac18bccec0b7,conditioning.store,premium,78.12,312.5,high,low,12,name.com,,,
62051d41-f5be-4358-b4e3-6e262af39294,affogato.store,available,,,high,medium,8,,,,
23f60ae3-3ffd-479b-8519-59942d498317,oks.store,premium,162.5,650,high,low,3,namecheap,,,21/09/2026 06:13
d3f1b21e-a994-4226-812d-3e668bf85bdc,bookshop.store,premium,325,1300,high,low,8,namecheap,,,24/09/2026 07:16
4addd0cf-3e02-4d0c-bf65-ecb76c9caf33,redwood.store,available,,,high,high,7,,,,
6e6627bd-91f9-470f-847f-2e1e52d2c60d,preoccupied.store,available,,,high,high,11,,,,
f55f7468-d714-4113-a472-c3b675dd5a4d,studentlike.store,available,,,high,high,11,,,,
54077b9a-7369-4755-8553-b72fe31bd464,mingy.store,available,0.98,43.98,medium,low,5,namecheap,,,24/08/2026 23:43
c71740ff-764a-40c6-9487-5d05136b9eff,liver.store,premium,312.5,1250,high,low,5,name.com,,,24/08/2026 08:02
23913dcc-1041-446e-aa7b-4f8b49ae16b8,litre.store,premium,156.25,625,high,low,5,name.com,,,22/08/2026 17:09
d2bfc058-2692-4c17-a2fe-c00924166c08,preexistence.store,available,,,high,low,12,,,,
0547e344-4661-4586-a814-bd59ee8b1fd5,harlem.store,available,,,high,high,6,,,,
a010613d-d6b7-4568-a893-cabe281897e3,postsurgery.store,available,,,medium,low,11,,,,
86ad5a50-074b-40af-bcea-d2c3a7a6a4a4,multitissue.store,available,,,high,high,11,,,,
431dca7d-dfaf-4fa9-af6b-2346c83e1052,divorcing.store,premium,640,640,medium,low,9,namesilo,,,17/09/2026 22:37
035b520e-6d47-4792-916e-8ad2b695f5ad,commonplace.store,premium,325,1300,high,high,11,namecheap,,,24/09/2026 07:56
4cc7c4a6-0094-46ca-bd9e-52c53a452e3b,cheirospasm.store,available,,,high,low,11,,,,
68ba0cb7-13ee-4076-8a78-c7877bfcd5ea,chocoholic.store,available,,,high,high,10,,,,
2992292c-04b0-4ed1-b922-274af7007a85,backache.store,premium,640,640,high,low,8,namesilo,,,21/09/2026 14:56
7abba855-95e5-45e0-9ce4-f450c7763406,bloomingdale.store,available,,,high,high,12,,,,
b90a94f7-e86c-4b2d-9c57-3ecba348b005,bounden.store,available,0.98,43.98,medium,low,7,namecheap,,,10/08/2026 21:56
7b8b5eca-e05d-4336-b4bc-9f276dd0b7dc,wilks.store,available,,,high,medium,5,,,,
c11944d3-2345-4945-8a5b-e793675c972b,exultant.store,premium,78.12,312.5,high,low,8,name.com,,,17/08/2026 19:42
3a1d0707-1dff-4fd7-b132-0e8596c9823d,cooden.store,available,,,high,high,6,,,,
39d7ca5c-8d2d-494c-96b9-1d62831f31ce,sally.store,available,,,high,high,5,,,,
00051a8d-ab29-4425-b013-4f023b76d059,fixable.store,premium,302.5,302.5,high,high,7,namesilo,,,25/09/2026 10:02
3ff16ab1-652b-42b1-a1c6-7c2f58e4ff0a,shower.store,premium,781.25,3125,high,low,6,name.com,,,22/08/2026 21:17
a9b24a57-e21e-4b45-8428-d425f2207c39,weatherwear.store,available,,,high,high,11,,,,
014be1e8-3c37-4c64-a115-a2f4b2f9e711,deflated.store,premium,156.25,625,medium,low,8,name.com,,,12/08/2026 02:17
3bf18ffa-40e0-4cf8-9b88-941708e629f4,recite.store,available,,,high,high,6,,,,
222a2cc2-1124-4391-b078-c959c7ec9260,bookstall.store,available,,,high,high,9,,,,
6fe6fb17-6878-43b3-a2a6-8399e1bafbb0,cockpits.store,available,,,high,low,8,,,,
c57328ba-7a72-481c-af24-16784953aad4,wikisource.store,available,,,high,high,10,,,,
687b82f0-d669-4759-8bc3-d0b74ebc5dc1,riant.store,available,0.98,43.98,high,low,5,namecheap,,,22/08/2026 20:55
c29a3a2e-71b0-455e-a9a1-aead630bb2a6,covalency.store,available,,,high,high,9,,,,
3b744cee-75e3-4855-b61a-033775339dbf,textuall.store,available,,,high,high,8,,,,
6c9c7768-14cd-47f6-a6f5-5f35a6b7ed50,colourants.store,available,,,medium,low,10,,,,
da69abd5-b2d7-48bb-aea1-c46664d9bc61,regaining.store,available,,,high,high,9,,,,
dddb55f4-3165-4a8e-8f9a-a8cbd3759c25,diffident.store,available,0.98,43.98,medium,low,9,namecheap,,,14/08/2026 07:01
4746ec02-e619-4a65-99c2-1ef0b1278fe0,upfront.store,premium,162.5,650,high,low,7,namecheap,,,12/09/2026 23:09
070fe0fc-ac2d-43b3-b7da-134c1e15ba1f,carriages.store,available,,,high,low,9,,,,
883e1ecd-bb72-4028-85f6-f2dca7bda72c,conquest.store,available,,,high,low,8,,,,
ed12e670-1bf5-43e4-ba75-122b38097974,subsidize.store,available,,,high,high,9,,,,
2e7809d9-9348-4ac6-ba36-557ca255185a,attracting.store,available,,,high,low,10,,,,
9852eb4b-46ad-43a5-ac5b-e979d127fe31,pitas.store,available,,,medium,low,5,,,,
f9803422-a96e-4b8f-abf1-1fc6ecc76082,seldom.store,premium,312.5,1250,high,low,6,name.com,,,15/09/2026 22:34
9583415c-36fc-484a-abef-198f5f81c3d5,longform.store,available,,,high,high,8,,,,
d8aa5ebe-39ac-424a-81d7-6247ac1e2298,refrigerant.store,premium,81.25,325,high,high,11,namecheap,,,25/09/2026 13:25
5d7e2926-f55c-4034-a5f3-9d3f853a764a,furthermore.store,premium,640,640,high,low,11,namesilo,,,17/09/2026 08:41
afa7818a-aaaa-491a-8ed5-25eff2f556b5,feetlong.store,available,,,high,high,8,,,,
836f8dbe-b9a1-4399-be73-5fe4acbf43bd,misratah.store,available,,,high,high,8,,,,
9339a3db-6052-422a-86b6-0d8ee6621a0e,countercathexis.store,available,,,high,low,15,,,,
6b535bd8-c595-485f-b0c9-d64a81cc9d51,spicing.store,available,,,medium,low,7,,,,
087fe2f2-1c0e-4b13-9c04-78b3ae429902,dimetapp.store,available,,,high,high,8,,,,
7cb2c4cb-e8a1-40fd-bd9f-2dea792d8390,yobo.store,premium,156.25,625,medium,low,4,name.com,,,11/08/2026 08:48
3f5a9795-f45e-49d9-a4d7-e101130f3d64,nonnegative.store,available,,,high,high,12,,,,
7ad59f3f-9492-4df3-902e-7358ac202893,truckage.store,available,,,high,high,8,,,,
de75a17d-41c4-4e04-989a-31195eb2eb06,conwy.store,available,,,high,high,5,,,,
6acfac48-2f09-4dae-80a0-571ebc44a80d,licencing.store,available,,,high,high,9,,,,
baf89be9-be9c-4ee6-b8d6-75df01671534,masticate.store,available,,,high,high,9,,,,
0ac90582-5a1a-4d2a-b39a-f8b2902416bb,currawong.store,available,0.98,43.98,high,low,9,namecheap,,,23/09/2026 05:33
124a0dd8-dd9b-4c8f-a210-f991ead6e60f,orientated.store,available,0.98,43.98,high,low,10,namecheap,,,04/09/2026 17:54
44ec60f0-4d02-4372-b226-730466e70d40,reactivate.store,available,,,high,high,10,,,,
5c907ff9-7a73-4cbf-97a8-b5f5bf96b94d,handcrafted.store,available,,,high,high,11,,,,
85b41129-85fc-4eac-a1d8-f3d5b832d85e,funniness.store,available,,,high,high,9,,,,
2ed239d9-ea6d-4d2d-9eb8-bf7c0bcb3d46,hamilton.store,available,,,high,medium,8,,,,
575f79c9-8e2b-4c21-bfb6-c14c6e5659a8,gene.store,premium,781.25,3125,high,low,4,name.com,,,
1822a5a7-6cc9-48a5-ab09-7ed403ba51fe,clubbish.store,available,0.98,43.98,medium,low,8,namecheap,,,12/08/2026 12:59
dcfe6a7a-896d-4a8e-8ecf-59f0629539a3,amaranth.store,premium,640,640,high,low,8,namesilo,,,18/09/2026 15:50
7c098577-2ee6-41ba-aa38-c7ec0b7c8b6b,persevering.store,available,,,high,high,11,,,,
7eacd5dd-19f2-41fb-94d3-f679f826bf80,post.store,premium,781.25,,high,medium,4,name.com,,,
0a28954e-7815-489d-a5c3-e08b685a1e04,mesmerised.store,available,0.98,43.98,high,low,10,namecheap,,,17/08/2026 22:52
a1cfe325-1aa7-43a4-9859-b8f0f7fc1d83,clam.store,premium,156.25,,high,low,4,name.com,,,
b1338db3-66f0-40b4-a52f-64e3d5b5ddbf,calligraphy.store,premium,312.5,1250,high,high,11,name.com,,,
1bd03267-1833-461e-a5f0-126978f5a4ca,honorary.store,available,0.98,43.98,high,low,8,namecheap,,,21/08/2026 13:29
3cd74401-45e8-4c61-994f-d9683810a800,gordias.store,available,,,high,high,7,,,,
58153fb5-c5dd-45b2-aedb-320eca53c7c3,colorado.store,premium,1107,1107,high,low,8,namesilo,,,24/09/2026 13:30
6664d47f-8a2d-425c-b758-e3b98d5d22c3,acitretin.store,available,,,high,high,9,,,,
0e161d35-284a-42ca-b2d8-8145be8e06e5,horticulturist.store,available,,,high,high,14,,,,
689747a0-5fc3-47b8-b777-e6f04de91805,clxxx.store,available,0.98,43.98,high,low,5,namecheap,,,
d060bbc4-02b3-426d-b1c8-2df2dc7e485a,swivet.store,available,,,high,high,6,,,,
9dbbb70b-dc77-4b66-85fb-25487884ff2a,stainmore.store,available,,,high,high,9,,,,
54c5db37-bb6e-4a5d-912a-c2264335b533,weasel.store,available,,,high,high,6,,,,
acb5fdae-17a1-43e2-9276-9e2d5ec910ad,concerning.store,available,,,high,high,10,,,,
98a33e5b-77bc-43fe-b166-a421c596e966,monkeys.store,premium,1107,1107,high,low,7,namesilo,,,17/09/2026 10:08
e0b4ac5a-94fa-4c62-8b4b-52ba0497f435,wafting.store,available,,,high,high,7,,,,
5ea5a1be-5db2-4fb8-b6b9-821e4c02a006,modifies.store,available,,,high,low,8,,,,
939af3fe-a7ff-4fd9-8cc9-47832f836e0e,enemy.store,premium,1107,1107,high,low,5,namesilo,,,23/09/2026 07:51
867f9e1f-280e-485c-8103-55ceb6ce179d,striving.store,available,,,high,high,8,,,,
5eb1ee46-7608-4aec-83c7-d300bbbcecee,couscous.store,available,,,high,high,8,,,,
dbaf30a2-f8ec-4345-80c7-386b36062ffd,automobiles.store,premium,3450,3450,high,low,11,namesilo,,,17/09/2026 22:53
89c0ac25-2195-4ea5-baf8-e857a74aa77b,gorbachyov.store,available,,,high,high,10,,,,
53811873-8403-4dbf-952c-55a97b6efda5,alga.store,premium,325,1300,high,low,4,namecheap,,,18/09/2026 06:47
98977642-163f-43d0-aab8-8024c53d2f2f,concertini.store,available,,,medium,low,10,,,,
086194c4-e309-4372-b811-d55933913960,edified.store,premium,78.12,312.5,high,low,7,name.com,,,15/08/2026 09:32
034d022b-8ed5-4c7d-b58c-b6daafd7314d,refereed.store,available,,,high,high,8,,,,
b3e9bd87-ce82-4e6a-8cd4-b9866b2aa090,give.store,premium,781.25,,high,low,4,name.com,,,
c8a099c5-22f7-47f8-9032-bd36777f6552,managing.store,premium,78.12,,high,low,8,name.com,,,
6da80633-055a-4f21-96e4-052b9173bc4e,dolose.store,available,,,high,low,6,,,,
dd850c31-004d-44ef-a560-6ff45932771f,ambages.store,available,5.19,58.99,medium,low,7,namesilo,,,18/09/2026 16:24
20a1368a-9af9-49b6-9712-c3608ada0594,relabeling.store,available,,,high,high,10,,,,
cee231ce-a65b-4661-bd2a-84fc7498b6b9,tomohon.store,available,,,high,high,7,,,,
8e723e60-0778-4cf1-8aca-4cf3460c2fbc,cabernet.store,available,,,high,high,8,,,,
f0c09635-dc07-4921-8b4f-e1f305c9413e,spatulalike.store,available,,,high,high,11,,,,
81d0d925-6b8f-4a67-933a-335312086496,captious.store,available,0.98,43.98,medium,low,8,namecheap,,,11/08/2026 18:18
6bef3b46-673f-4477-8d43-57004f7148c0,alley.store,premium,312.5,,high,low,5,name.com,,,
666a6453-9eff-4fc1-bd2b-8cbf18ecf810,adulterate.store,available,0.98,43.98,high,low,10,namecheap,,,
c82299e0-81b6-49fe-afc3-ecfbfb5ea82a,mote.store,available,,,high,high,4,,,,
9ed486e2-8b0b-4115-99d1-15331b79ce40,mythologically.store,available,,,high,high,14,,,,
d7c36758-9068-4f30-8ca4-007c687b3bd9,adjourned.store,available,,,high,high,9,,,,
5585858c-c081-4c50-9c73-eb0632fea650,universities.store,premium,325,1300,high,low,12,namecheap,,,23/09/2026 19:40
6319dabc-861c-492d-b7d9-eaf2c955ba6f,didjeridoo.store,available,,,high,high,10,,,,
14badbe4-f5c6-4262-96b2-a5d5c23350e4,jogger.store,available,,,high,high,6,,,,
5f1ffa59-64c0-4e9b-978c-eb9864f4bf8c,coomber.store,available,,,high,high,7,,,,
f04d2ffe-158f-4376-96f7-c6ab334a7f2e,refrained.store,available,,,medium,low,9,,,,
b9583dd4-ba2d-49a0-95d5-b194bf0b1aad,genealogic.store,available,0.98,43.98,high,low,10,namecheap,,,18/08/2026 21:22
4b76a229-54b8-4190-894a-6158920062c7,parsecs.store,available,,,high,low,7,,,,
646c7255-81b3-41b2-b762-5c9d5e4cc198,colourful.store,premium,156.25,625,high,low,9,name.com,,,12/08/2026 17:51
78259319-318e-4746-82c8-8bb10a920e23,wieners.store,available,,,high,low,7,,,,
94e60e5b-d97b-42bd-bdc3-6227dda33d51,extrude.store,available,,,high,high,7,,,,
fdca9486-c594-4f8b-85dd-93eb2cadf37f,unopen.store,premium,81.25,325,medium,low,6,namecheap,,,10/09/2026 07:06
e15dd7a1-fd7a-46e7-a162-3566f5c4b745,adamance.store,available,5.19,58.99,medium,low,8,namesilo,,,17/09/2026 06:15
83a7377c-ab77-4f31-9086-baf49cdbf054,shorts.store,premium,325,1300,high,low,6,namecheap,,,27/09/2026 02:25
20d9082c-c11e-4a10-8fca-7d715fa7cf6c,display.store,premium,3450,3450,high,low,7,namesilo,,,25/09/2026 04:58
2d061128-19c4-40fd-afc7-cab6b72fd324,subcontracting.store,available,2.99,75.99,medium,low,14,name.com,,,
96e78854-c6a9-4dcc-b12d-244d8207ba83,openxps.store,available,,,high,high,7,,,,
46708ebc-c072-40c4-93a6-844b2edad45a,supernal.store,premium,81.25,325,high,low,8,namecheap,,,11/09/2026 02:23
5f6410f9-33fe-4a3e-90c3-99209dd864ab,selfcleaning.store,available,,,high,high,13,,,,
f935dce3-19f8-42ef-a7df-733bccbc7213,phillip.store,premium,3450,3450,high,low,7,namesilo,,,17/09/2026 13:24
214fb192-cb08-42d0-8b85-8cb7fa79c370,jussieu.store,available,5.19,58.99,high,low,7,namesilo,,,19/09/2026 15:24
5876bafa-6601-4d4b-b588-eba858acbe4d,villagers.store,available,,,high,medium,9,,,,
0bcd6230-5d14-43f5-acc9-ddb78e113c5c,ethical.store,premium,812.5,3250,high,low,7,namecheap,,,19/09/2026 14:49
bb2aac36-32df-465a-b5af-4fc075c501f0,parent.store,premium,781.25,,high,low,6,name.com,,,
1cad9330-c98c-47dd-810f-73c76b0480fe,venetians.store,available,,,high,low,9,,,,
7707c1df-3180-4a66-ae83-6a9ea4cc35bd,revitalisation.store,available,,,high,low,14,,,,
10b404cc-7bfd-470f-9692-db8630a8fa0e,birthrate.store,available,0.98,43.98,high,low,9,namecheap,,,23/09/2026 20:56
7bf818d2-ac02-4c72-86a5-781265b8c57f,tranche.store,available,,,high,high,7,,,,
4c909bc9-c4db-4cea-9511-bdd98d0fe8e5,sly.store,premium,640,640,high,low,3,namesilo,,,24/09/2026 01:29
f10fcc9f-ee4b-4dc8-b104-41cdec3583e1,bioluminescent.store,available,,,high,high,14,,,,
26901111-c24c-45f3-8f01-d577ffb3852c,masking.store,available,,,high,high,7,,,,
fbd4d1e2-deee-48cd-b61a-3baf7aeb28da,festal.store,available,0.98,43.98,high,low,6,namecheap,,,18/08/2026 02:13
8f7c39aa-a346-4134-9e82-b9ce9c5d11a1,inspires.store,available,,,high,medium,8,,,,
24a240fb-1ad3-46c8-b408-60a893580f95,pentecostalist.store,available,,,high,high,14,,,,
28f86709-220b-42e2-b730-96ce80b1ba01,oftentimes.store,premium,162.5,650,high,low,10,namecheap,,,14/09/2026 20:04
9a0f8e67-4c49-4fff-b01b-fab3b73201c9,world.store,premium,3125,12500,high,medium,5,name.com,,,
db371990-d013-454e-8a8c-b1484491ddb4,dreams.store,premium,812.5,3250,high,low,6,namecheap,,,25/09/2026 20:24
f62cc3b9-1450-4232-9dff-053f1b164251,vinegaroons.store,available,,,medium,low,11,,,,
4eee1ed9-f801-4f7f-a2da-a1e7400c2868,involutes.store,available,,,medium,low,9,,,,
acf483b6-1b0a-4ae2-a22f-addb61bf33f9,nominalization.store,available,,,medium,low,14,,,,
2bb0c2e8-d6fb-43a5-aa0b-ab6858ecbcfd,lifethread.store,available,,,high,high,10,,,,
0c1b7aaf-fdaf-4d3a-841d-9e1a6542c296,grenoble.store,available,,,high,high,8,,,,
67beabad-ad7a-44cb-bbbb-09e1a331a093,spontaneity.store,premium,156.25,,high,low,11,name.com,,,
a06b91b4-1a41-4898-9872-0875697b3e9a,sugary.store,premium,302.5,302.5,high,low,6,namesilo,,,19/09/2026 16:54
230ddf0d-88ac-4245-a44e-138cb927387b,sundial.store,available,,,high,high,7,,,,
3549bf2b-3c5b-4ff7-a954-0b9762d4632c,soulfully.store,available,2.99,75.99,high,low,9,name.com,,,16/09/2026 05:30
7dcc20f5-7f43-4c0f-97fe-3e5707c888d7,backspace.store,premium,325,1300,high,low,9,namecheap,,,21/09/2026 16:01
51150923-b76f-4dfe-840d-05801bb70730,enchanted.store,resell,,,high,low,9,Squarespace Domains LLC,01/02/2024 02:35,01/02/2027 23:59,26/09/2026 05:50
eaa427ba-81e5-426b-a733-b6c831ff3cf9,antrum.store,available,0.98,43.98,high,low,6,namecheap,,,19/09/2026 15:46
bfa43638-eb94-4b55-aa4c-1a71c8d4bf6f,phonemic.store,premium,81.25,325,high,low,8,namecheap,,,08/09/2026 19:02
8d5be44b-da75-4d14-82cf-8cab15fcc22c,butylacetate.store,available,,,high,high,12,,,,
07e5f67f-5e03-4399-a0c7-ccba33f122c2,dessiatine.store,available,,,high,high,10,,,,
ffe917ac-a419-44ef-9b62-e52d7cc982ee,differing.store,available,,,high,medium,9,,,,
c4dd274a-9526-4cfe-8cfb-93d2fdfb2a8d,lacertid.store,available,,,high,high,8,,,,
79f32d19-a8b0-4bd0-adbb-f082741a840b,scotch.store,premium,1107,1107,high,low,6,namesilo,,,24/09/2026 21:59
d46245f2-428d-4a24-a9ea-af2a18b9bb40,paternity.store,available,,,high,high,9,,,,
668ee8e3-f1e3-4cf6-8348-b70bf4bd62f3,bullshittery.store,available,,,high,high,12,,,,
b347f9e2-041e-41cc-961b-c3b326756abe,cranial.store,premium,156.25,625,high,low,7,name.com,,,13/08/2026 04:49
393f6330-8e2e-42d6-b357-c8b499b519ed,outre.store,premium,156.25,625,high,low,5,name.com,,,10/08/2026 10:39
c5a58f60-07b0-417c-b4d1-52202703723d,commensal.store,available,0.98,43.98,high,low,9,namecheap,,,12/08/2026 19:08
ad371261-619e-4f47-b12c-551d6b3da475,retractile.store,available,0.98,43.98,high,low,10,namecheap,,,09/09/2026 15:42
c67ac53b-9799-40f1-8677-ed5d96e08e78,embarking.store,available,,,high,high,9,,,,
c28afe3f-eb54-4035-8e6f-60a1989c94a5,uttering.store,available,,,high,high,8,,,,
15c9b7a1-09e7-456c-b711-1f9e44d709b0,mantic.store,premium,78.12,312.5,medium,low,6,name.com,,,14/08/2026 13:48
c7d8c1da-ca92-493e-9b7c-a0b123cb2105,trimmer.store,available,,,high,high,7,,,,
e5feb744-9790-445e-8a51-7a0c103d6fae,deciduous.store,premium,156.25,625,high,low,9,name.com,,,13/08/2026 21:26
de8b4858-8f7d-43ec-9208-9f3b7f118219,greats.store,available,,,high,high,6,,,,
f717bbde-5bd5-4a86-b84a-de32e197cdc2,prancingly.store,available,,,high,high,10,,,,
ec494276-346c-4380-90d6-7c7b057a9624,deference.store,available,,,high,high,9,,,,
a7695d40-bf23-4212-827c-2472e0a24842,snappish.store,available,0.98,43.98,high,medium,8,namecheap,,,10/09/2026 12:18
90b0d51a-33f1-4f69-aaa6-23c15eb54498,cootamundra.store,available,,,high,high,11,,,,
4051c7ab-4fcd-4fe3-be8c-a71bcfd29a93,optic.store,premium,1107,1107,high,low,5,namesilo,,,25/09/2026 23:58
4810771f-b2b4-43a2-93d9-03861c1f2194,apiarist.store,premium,640,640,high,low,8,namesilo,,,19/09/2026 17:19
d9c88c1e-df10-4711-ac5c-3052e3233187,rookie.store,premium,312.5,,high,low,6,name.com,,,
88b58fca-9fbd-4295-a4b1-dd109b8ed506,anionic.store,available,0.98,43.98,high,low,7,namecheap,,,
ba49aa6d-e008-48f5-8897-db9cc22cc8ed,spicebush.store,available,5.19,58.99,high,low,9,namesilo,,,18/09/2026 20:40
124aef4c-0529-4f7f-9f9a-34015a9943dd,oiled.store,premium,325,1300,high,low,5,namecheap,,,04/09/2026 01:49
43f4d004-de7e-4116-b9c5-0cd0cf16f373,motorcyclist.store,available,,,high,high,12,,,,
2b742416-8243-4499-91ec-1429cf856dd3,macchiato.store,available,,,high,medium,9,,,,
91ca4102-e159-4853-8baf-9ba9559762f6,connote.store,available,,,high,high,7,,,,
4a8400da-f215-467f-822b-062a23e6f2f5,lightray.store,available,,,high,high,8,,,,
f978bb40-2104-423d-a069-314c1efdf7bc,afrikaner.store,premium,156.25,625,high,low,9,name.com,,,
ce6ac739-6854-40fa-bc05-35e16047c8c2,yolks.store,available,,,high,low,5,,,,
8306e3d3-dbbc-4fd4-91d9-5dee7538b8c9,anecdotally.store,available,,,high,high,11,,,,
fca1ba93-ff3e-4a64-9d56-cbdeae7df5e6,connaisseuse.store,available,,,high,high,12,,,,
2805c6b0-876e-470b-bb9c-7543115749da,kentan.store,available,,,high,high,6,,,,
193a9cbf-8ab0-4a0a-9674-3cee2ff05db9,coak.store,available,,,high,high,4,,,,
fea37e2f-00e0-4bdb-8d4b-6d1d12d32cc0,pms.store,available,,,high,high,3,,,,
52e7750e-8e69-4919-9e6b-0e005b7771d5,permissibly.store,available,,,high,high,11,,,,
69793dff-c75f-4cfd-9262-8b3eaa3e43c2,disporting.store,available,,,high,high,10,,,,
cc92883a-ec9b-496f-9e2b-19a978c15b8c,sinitic.store,available,0.98,43.98,high,medium,7,namecheap,,,10/09/2026 08:29
b153e79a-d900-4812-bed6-58bb2bdc6151,tangolike.store,available,,,high,high,9,,,,
1f5f209f-aa14-4969-a247-8bd071cf642b,backal.store,available,,,high,high,6,,,,
bfbb2682-a508-4d95-8ac1-f0494e59733b,convenient.store,premium,3450,3450,high,low,10,namesilo,,,23/09/2026 15:48
b546d0d1-b460-4766-aceb-3c6d26ed5e81,sandancer.store,available,,,high,high,9,,,,
5bcb1990-0ba4-4ed5-b802-bc7b6ba697cd,cooperate.store,available,,,high,high,9,,,,
ed5311c8-3cec-4e39-a46c-af0333c6c817,outlay.store,available,,,high,high,6,,,,
2e2ce061-3bc3-4548-aad4-18d546b0eea4,pruninghook.store,available,,,high,high,12,,,,
b8661f91-b49c-4a83-9eda-3d6048f7de7e,guadeloupe.store,available,,,high,high,10,,,,
058dd42d-793b-4e86-98f1-b09cb28657e0,winsomely.store,available,0.98,43.98,medium,low,9,namecheap,,,14/09/2026 15:43
6f256179-2409-421d-b3a3-02838080eefb,alces.store,premium,302.5,302.5,high,low,5,namesilo,,,18/09/2026 03:55
2994dad1-666d-45fc-9a02-be34f9665b17,horsehood.store,available,,,high,low,9,,,,
f0bfe624-e55e-4dfb-85b0-1499788a2248,kleberg.store,available,,,high,high,7,,,,
578e68e5-f8ad-4872-9baf-5e2a6ad0f090,twitterer.store,available,,,high,medium,9,,,,
870f5489-0b50-44b6-8154-b9bd5ef80a8a,lored.store,available,,,high,high,5,,,,
cb4f1960-5ae0-446d-b634-2884a63dc0e7,surmount.store,available,,,high,high,8,,,,
4bb86638-1485-44a0-9f36-523545e0a7c3,recharter.store,available,,,high,high,9,,,,
bf4894ca-d622-4d8e-908b-90b3166b4ef0,antitrade.store,available,5.19,58.99,high,low,9,namesilo,,,19/09/2026 15:13
fe89a23b-117e-4730-af79-2a6078a2afa0,cremes.store,available,,,high,low,6,,,,
a58fc4c1-6d77-4fde-8a2a-b9ea75e7c5e0,passers.store,available,,,high,low,7,,,,
71b11bd6-d071-4cde-b331-1c6c1219fdbb,indies.store,available,,,high,high,6,,,,
f835ae05-ce91-4d1a-8bc9-e4b95ce5b0bc,stansfield.store,available,,,high,high,10,,,,
bf8e6762-1e24-44ab-8ffc-8b9d8619ec51,noodledom.store,available,,,high,low,9,,,,
8c9f0d3e-a835-40be-80cd-10e3094e5acd,overage.store,premium,162.5,650,high,low,7,namecheap,,,04/09/2026 19:59
8ab4cb28-9f35-43b0-8fa4-cf91f40bf924,mangoe.store,available,,,high,high,6,,,,
a3618ca2-e306-40ec-aab6-8c46f92e003c,question.store,premium,1107,1107,high,low,8,namesilo,,,25/09/2026 10:22
c7828b8a-a0fe-4131-8fe5-e05dc5debde5,birretta.store,available,5.19,58.99,medium,low,8,namesilo,,,23/09/2026 10:09
b0c8f8ea-275c-4f87-a456-3e2e7493c128,vending.store,available,,,high,high,7,,,,
a792c365-ce7a-42b2-89cc-b7121c1a48d5,dueller.store,available,,,high,high,7,,,,
a4eda573-608c-4ba2-8014-cd67dd4a6bb7,skittles.store,available,,,high,high,8,,,,
5e2b536a-6977-4769-a349-a3d48ed2d28f,xerophytism.store,available,,,high,low,11,,,,
4cfd0fab-d200-4ee2-9a05-638a76af410a,quinoline.store,available,,,high,high,9,,,,
da34cba6-3dde-4be6-b246-955fc50a113a,tortrix.store,available,0.98,43.98,high,low,7,namecheap,,,20/09/2026 05:04
09149632-b641-48f5-b1b6-25f3ec1b9df5,points.store,available,,,high,low,6,,,,
2e4c960c-6f36-42c7-b450-9b2cf4bbdb34,hiyo.store,available,,,high,high,4,,,,
5f8b23e4-0057-4984-8822-a414aa179d89,emmalee.store,available,,,high,medium,7,,,,
b4e747bb-89d3-4a48-9a42-df628606fa71,weststellingwerf.store,available,,,high,high,16,,,,
cd5cc471-35ed-40c7-9377-5f3052377901,authorized.store,premium,1107,1107,high,low,10,namesilo,,,22/09/2026 13:48
0e3e001f-c3c9-4a4a-b31f-1f7d9f11cbe6,dimension.store,premium,1107,1107,high,low,9,namesilo,,,21/09/2026 02:17
cba1e5d6-bdc5-403c-be33-95f26fbcc15b,clip.store,available,,,high,high,4,,,,
d73028e1-627a-4e9e-a7d5-ea0611885a08,nanoenzyme.store,available,,,high,high,10,,,,
dc10093e-1dab-4f66-bdb7-322603f4f229,leaders.store,premium,781.25,,high,low,7,name.com,,,
7774f481-f1c6-4975-b394-db53e031bb48,understood.store,premium,78.12,,high,low,10,name.com,,,
db999bc9-2620-4d62-8eeb-71075c40ddaf,heartiest.store,available,,,medium,low,9,,,,
354bc749-6576-4465-8dee-42f74d4992a5,orbitual.store,available,0.98,43.98,medium,low,8,namecheap,,,04/09/2026 17:39
43b31062-5159-4718-ac99-07679a11f948,sunless.store,premium,312.5,1250,high,low,7,name.com,,,12/08/2026 12:31
257b3db4-28c0-41c5-ac60-6482ade64a83,coprincipal.store,available,,,high,high,11,,,,
ce3dfa0f-53ee-4776-a6b2-7ad06f5ca7af,fulgent.store,premium,78.12,312.5,high,low,7,name.com,,,10/08/2026 13:45
5f9cf3ae-7009-47e1-936e-6877c50daf16,rigid.store,premium,78.12,,high,low,5,name.com,,,
179e3297-92f4-4625-b35f-8970c07317df,rag.store,premium,325,1300,high,low,3,namecheap,,,24/09/2026 12:22
2f3fce73-97c7-42fb-b1ab-d6af6cbfe71d,shelling.store,premium,640,640,high,low,8,namesilo,,,22/09/2026 08:00
80499e37-8a05-45aa-9bd2-bfcadef4ccc8,tupping.store,available,,,high,low,7,,,,
61ae5ccd-fe2d-47b7-bfc4-849c420a20af,resurfacer.store,available,,,high,high,10,,,,
d4ec7491-9721-4888-ab49-6893ac1f4c0f,untested.store,premium,81.25,325,high,low,8,namecheap,,,12/09/2026 21:13
d2216188-3f1c-4e82-a982-fa5217036956,polynomial.store,premium,162.5,650,high,low,10,namecheap,,,03/09/2026 10:48
21feec69-6f68-4409-9529-2da245286d61,damascus.store,premium,312.5,,high,low,8,name.com,,,
dbd6d688-f81e-4b5a-92c0-7b6b4646e7ad,jazz.store,premium,781.25,,high,low,4,name.com,,,
360a628f-aaa8-45d6-8dcd-309a29708b8e,australasia.store,available,,,high,high,11,,,,
41cb68d7-155c-403d-98ad-0a79d3e09f63,liquid.store,premium,781.25,3125,high,high,6,name.com,,,18/08/2026 09:15
0614ba20-6d4a-48f4-b564-2ed4c8c580a9,customise.store,premium,312.5,,high,low,9,name.com,,,
3669bd8d-0e20-4094-8ff0-d0f1d37633b9,belly.store,premium,640,640,high,low,5,namesilo,,,16/09/2026 14:48
3dff9eab-2ff1-451b-b8d6-79c198582434,mastodon.store,available,,,high,high,8,,,,
a71150d7-9d49-4ca9-948e-474d24687971,preapprenticeship.store,available,,,high,high,18,,,,
5c2744a2-d479-4235-a616-f910b045fb1d,foreword.store,available,,,high,high,8,,,,
586bc258-2359-46f0-ba72-d484daa9faa2,disjunct.store,available,0.98,43.98,medium,low,8,namecheap,,,14/08/2026 11:25
706fd840-d148-48f2-a4fb-264e146ee341,impolite.store,premium,78.12,312.5,high,low,8,name.com,,,21/08/2026 22:43
03fd5356-b1ef-4b22-a497-390dc4de105c,attests.store,available,,,medium,low,7,,,,
c75e9530-c722-494e-85f9-03429b4c2d9c,cherrystone.store,available,,,high,high,11,,,,
7efa8bed-baeb-475e-9ca8-b13a9d793e2e,cooperative.store,available,,,high,high,12,,,,
db581e8d-e221-455f-9a6b-26efc6f26942,carillon.store,available,,,high,high,8,,,,
5f7500cf-ca0f-4d47-b0e0-ec119a9bc497,sessile.store,available,0.98,43.98,medium,low,7,namecheap,,,10/09/2026 04:59
c137a581-065c-42fe-9254-d7613816f3e8,coaxing.store,available,,,high,high,7,,,,
2c3bf68d-6041-4c6e-87c4-9349c9b237a0,disgrace.store,premium,78.12,,high,low,8,name.com,,,
d7175f6b-73fa-40fd-ac31-327b7294d743,platinum.store,premium,3450,3450,high,low,8,namesilo,,,20/09/2026 23:50
d59cb0a7-500b-4edd-baf5-3587c5fe2e1f,skydived.store,available,,,medium,low,8,,,,
801e4615-cb68-40b2-a841-2046fec1ca37,animal.store,premium,781.25,3125,high,low,6,name.com,,,08/09/2026 11:39
30959796-bdb8-444e-b23e-2b17563bf801,semiannually.store,available,,,high,high,12,,,,
b76888cd-d7ba-45ac-8b58-45ad35eee78c,wong.store,premium,3450,3450,high,low,4,namesilo,,,26/09/2026 03:13
ccdb066c-8d79-48e6-a91d-7f5c9eae0a84,unrealized.store,premium,162.5,650,high,low,10,namecheap,,,12/09/2026 11:00
fe0d37fb-b973-4955-b71a-5992d6672ada,prat.store,premium,78.12,312.5,medium,low,4,name.com,,,09/08/2026 11:18
73d1b68d-1dc3-415c-8a9e-d9e9fa8b1011,carburettor.store,available,,,high,high,11,,,,
f70fa141-c31f-44f1-b8d6-dba02f783d69,letterals.store,available,,,medium,low,9,,,,
1d3fc132-d6d0-4238-a2e9-755e1adbc538,textiles.store,available,,,high,medium,8,,,,
d849fd7e-b9b9-40ce-beae-88be6051d9b0,puckett.store,available,,,high,high,7,,,,
9b05f4e3-b3f3-4efc-b0a5-0330a854ec58,takers.store,available,,,high,low,6,,,,
414d4103-e019-435d-a217-87371604f2a9,deprave.store,available,0.98,43.98,high,low,7,namecheap,,,13/08/2026 02:24
b7abd3be-953c-4c43-aa49-3f82575c3a3b,unroll.store,available,,,high,high,6,,,,
414655c1-0860-44fd-bb63-e2ad40102ea8,orcs.store,available,,,high,medium,4,,,,
3b16b44a-ce37-4a48-b475-37ce4a05d026,waiver.store,available,,,high,high,6,,,,
7c0f81a7-4ae9-4761-afc7-e08642584fd0,authoring.store,available,,,high,high,9,,,,
d90cb9fc-30a4-418c-9c1b-1eac7cda73bf,urethane.store,available,,,high,high,8,,,,
389397f6-e0dd-4b67-b38a-4832998eef2a,tradespeople.store,available,,,high,medium,12,,,,
63d66be0-1a56-4fd6-8409-00e1990cbb6c,animates.store,available,,,high,medium,8,,,,
49190063-3bd3-49a9-8de0-097d33dfb820,galvanic.store,premium,78.12,312.5,high,low,8,name.com,,,18/08/2026 19:44
403f1fd5-d936-487e-a582-145340c0a483,eric.store,premium,325,1300,high,medium,4,namecheap,,,25/09/2026 11:25
0b11f059-850e-446d-9e8e-ae0873d14693,attics.store,available,,,high,low,6,,,,
4a4ea1c5-c2f9-42c8-b839-9c44c3e12389,honourable.store,premium,156.25,625,high,low,10,name.com,,,21/08/2026 13:34
eab510aa-740f-4d23-a183-e2f52b6ed7e7,butterball.store,premium,156.25,625,high,low,10,name.com,,,17/08/2026 23:59
0e1e4c04-7091-42a8-9c22-fec51287a7c0,brainy.store,resell,,,high,low,6,Squarespace Domains LLC,09/02/2025 21:53,09/02/2027 23:59,26/09/2026 04:35
869cdc6c-6aef-4410-81e2-f3cae1021eae,pianissimo.store,available,,,high,medium,10,,,,
e49075bc-4c0b-4807-9422-ab7de11a5bc8,exorcist.store,available,,,high,medium,8,,,,
5d0bfa36-6dbf-4f6e-ab69-ab3e78c113c0,truster.store,premium,302.5,302.5,high,low,7,namesilo,,,23/09/2026 05:14
80d34933-f2a5-4e20-bf1d-7427e2fe2c63,shopping.store,premium,1562.5,,high,low,8,name.com,,,
5669c235-f77b-4061-9786-dcd1a17eccaa,clerk.store,premium,156.25,,high,low,5,name.com,,,
f4d0c7e2-e56d-419d-a487-4b093f1df0bd,colwich.store,available,,,high,high,7,,,,
c52430ab-82e0-4410-a562-563ac32deb83,animatrix.store,available,,,high,medium,9,,,,
5f4c9034-850f-453c-a59f-187e999867d1,supportably.store,available,,,high,high,11,,,,
e6fd4942-0fe0-42d8-8552-06f8fe8f77f4,bouvet.store,available,,,high,high,6,,,,
e7e3eaa4-0406-4f64-ba9d-5b9c2a13d1f9,garment.store,premium,325,1300,high,low,7,namecheap,,,19/09/2026 20:02
319d6646-b7f9-45c2-90e9-a906ccaa5371,backpacking.store,available,,,high,medium,11,,,,
86c48e62-cbf5-4806-b5ff-a80a4f912c18,letting.store,premium,162.5,650,high,low,7,namecheap,,,09/09/2026 14:21
bfaccbae-fcea-4eb5-8573-d5753474740f,guttural.store,available,0.98,43.98,high,low,8,namecheap,,,13/08/2026 07:31
896e5907-8593-49c3-be32-cfb205e7068b,persona.store,available,,,high,high,7,,,,
fc0b4e32-f254-42f0-9425-d2a6c2116c79,bookcased.store,available,,,medium,low,9,,,,
7e4a8f73-62a5-45f8-ad2e-e99b8048c52e,formal.store,resell,,,high,low,6,Squarespace Domains LLC,26/11/2023 17:36,26/11/2026 23:59,26/09/2026 06:12
c6128f4c-bc76-49b8-b5bb-73dbf79041c7,reinstalling.store,available,,,medium,low,12,,,,
6d663054-cc23-4a3d-b5c5-de9c0851decb,atlanta.store,premium,325,1300,high,low,7,namecheap,,,20/09/2026 21:31
f272f39e-df65-4c27-90e1-341bd1c426ca,famous.store,premium,3450,3450,high,low,6,namesilo,,,23/09/2026 13:15
0b6cb8d0-2d6a-4712-917d-38a287e2c7ed,palpable.store,premium,81.25,325,high,low,8,namecheap,,,05/09/2026 00:07
6c1781d0-2d6e-49fb-b4ce-14c1f6f3be73,curds.store,available,,,high,high,5,,,,
f022db09-575b-4077-ac02-1ca1b4f77446,msg.store,premium,781.25,,high,low,3,name.com,,,
2b624b6f-c173-429e-9e95-edc10cda0329,sapphirine.store,available,0.98,43.98,high,medium,10,namecheap,,,09/09/2026 21:22
68dc5efb-1d27-4240-8ac0-9b7a82a67a2b,subtenant.store,available,,,high,high,9,,,,
9991aa6a-09e0-44cf-a97e-07f0ad4cfe1d,endeavors.store,available,,,high,medium,9,,,,
82a71160-9ec3-410e-8e05-d4618d42e003,deadlocked.store,available,2.99,75.99,medium,low,10,name.com,,,13/08/2026 19:27
1072dcc5-757e-4ad9-8911-2c79a659ec5d,dressmakers.store,available,,,high,low,11,,,,
84c0a4ea-a38f-4328-9ca3-aa2a8d937fac,handwork.store,available,,,high,high,8,,,,
457f282d-5e8f-45fc-bece-ab79b81ed68c,truckmaking.store,available,,,high,low,11,,,,
9933f215-e0a2-4b93-88fc-01965e0d8973,latin.store,premium,781.25,3125,high,low,5,name.com,,,22/08/2026 20:39
a39dde64-3810-45a5-bd91-3420b70c21d0,snowshoes.store,available,,,high,low,9,,,,
080debfa-3e0d-41b1-895e-0d4ccccf3a94,alphabetized.store,available,,,high,low,12,,,,
21ab6ab5-3a80-439d-bbd1-357618c6f832,qai.store,available,,,high,high,3,,,,
18770cc9-b303-4a9e-b0b4-385b9c00abbb,activated.store,premium,325,1300,high,low,9,namecheap,,,21/09/2026 16:32
06e5aec0-f576-43a4-9fe1-9ae54b3367c4,knitters.store,available,,,high,low,8,,,,
33d26531-bd40-48da-aa90-aeb3d925d8cc,punctured.store,available,0.98,43.98,high,low,9,namecheap,,,08/09/2026 16:56
a3588969-1fb7-42f1-b585-1e8aee197997,orient.store,available,,,high,high,6,,,,
496520ff-348e-45bb-b0b5-d3614c899497,actor.store,premium,156.25,,high,low,5,name.com,,,
87a26a5e-a177-43ad-809d-bf0bccc501bf,neoassyrian.store,available,,,high,high,12,,,,
abbb19eb-6f06-4e66-9480-c2fb5de51652,enchiladas.store,available,5.19,58.99,high,low,10,namesilo,,,25/09/2026 09:44
40917da5-3efc-4ebb-ae9d-f739bcf573f0,edemocracy.store,available,,,high,high,11,,,,
c97879a4-58df-4793-876a-a0de1456eeb1,corresponding.store,premium,78.12,,high,low,13,name.com,,,
c3cbe112-914c-4e0c-8056-5aa497a2aa4c,coppice.store,available,,,high,high,7,,,,
139c4b65-5743-43b8-b229-a984316dd934,compare.store,premium,325,1300,high,low,7,namecheap,,,24/09/2026 16:43
aaaccbf3-6a57-4d32-88c7-9e7c9f061c54,num.store,available,,,high,high,3,,,,
f1c73324-2918-4c75-a3c7-42436969fb75,suntan.store,premium,81.25,325,high,low,6,namecheap,,,11/09/2026 07:52
094aa4b4-88fc-483c-8010-c3e57aa1f143,presoak.store,available,,,high,high,7,,,,
7e466d5d-8e6e-4a9c-b5b5-684e1a828feb,thermocouples.store,available,,,high,low,13,,,,
9dd9b3a5-3714-4a7f-9807-4e6361ad82a9,overactive.store,premium,78.12,312.5,high,low,10,name.com,,,21/08/2026 16:42
4ce04d83-5d86-4739-b9e1-c32d692410f1,breezing.store,available,,,high,high,8,,,,
76109c77-12f6-4f1f-80d8-35ba4d4ba8eb,vodcast.store,available,,,high,high,7,,,,
ede89428-858a-4b87-a694-defe7addcb6a,incabin.store,available,,,medium,low,8,,,,
f244a733-2c66-451c-8df0-af67b7d92604,experimental.store,premium,312.5,,high,low,12,name.com,,,
ae1bfff9-f261-4570-9964-ebdd2b801e0a,counterchanged.store,available,,,high,high,14,,,,
74419808-7884-47f7-8756-38edcc5a6a7e,kickboard.store,available,,,high,high,9,,,,
ab396e23-22f0-4a0d-8978-91db745140c1,mobilized.store,available,,,high,high,9,,,,
b5491033-0e3e-4194-9859-3ec5c175825f,spc.store,available,,,high,high,3,,,,
1d2cd78d-4487-464a-b7bd-d7deb4e06e39,modernism.store,premium,81.25,325,high,high,9,namecheap,,,25/09/2026 12:07
76d5e06b-091c-4647-9d03-2667971b7c82,auditing.store,premium,78.12,312.5,high,high,8,name.com,,,
f1b702c8-7633-4657-9d17-4a05c10e4856,bottling.store,available,,,high,high,8,,,,
30c4ced7-ea62-418a-8fff-1792ca029a6c,alcoholism.store,premium,640,640,high,low,10,namesilo,,,18/09/2026 04:06
9bd83e37-5398-41c6-ae7a-0d368587fe2a,absolutistical.store,available,,,high,high,14,,,,
48b0c5c9-48a1-49fb-aa28-42157acd4320,damp.store,premium,312.5,1250,high,low,4,name.com,,,13/08/2026 16:39
5ccad444-2f2f-499d-965f-f11efb657016,indate.store,available,2.99,,high,low,7,name.com,,,
15eb12c1-6136-4be3-afd0-c3eca5a035a6,uninspired.store,premium,81.25,325,medium,low,10,namecheap,,,12/09/2026 13:05
b271c345-7d02-4fe0-81fb-9e78b3426086,outrageousness.store,available,,,high,high,14,,,,
09f2e439-47de-4475-b869-0da8241dee03,woncha.store,available,,,high,high,6,,,,
961bb8fd-1ef4-4ee7-b017-500cbadac2cd,hungered.store,available,,,high,high,8,,,,
e23c2a3f-8e9a-4d2a-a808-ceb6c972e440,dominating.store,premium,78.12,312.5,high,low,10,name.com,,,07/08/2026 19:40
5771a92a-ae9d-428d-89ea-087201d72b7f,christianity.store,available,,,high,high,12,,,,
64046f16-fb4f-49eb-ac6e-aa139d7fec55,suggested.store,premium,81.25,325,high,low,9,namecheap,,,18/09/2026 13:48
7ecb3dfc-b6dd-4f35-839d-d075b6fcb3bb,windsor.store,premium,781.25,,high,low,7,name.com,,,
1b748dce-0dd6-4e50-a52a-441b2701351e,coulda.store,available,,,high,high,6,,,,
93e84b82-7be6-4673-a727-0e686e051401,shaves.store,available,,,high,low,6,,,,
ee2b3b9d-95a9-48f1-a254-67d38990c0e8,matrimony.store,available,,,high,high,9,,,,
43415eeb-5a5d-4cd8-bc5d-40c3554cd85b,exiguous.store,available,0.98,43.98,medium,low,8,namecheap,,,17/08/2026 17:18
121cf7c1-235b-4292-808c-fdc7ba204e17,nst.store,available,,,high,medium,3,,,,
200a60da-0ed5-4e74-9cf2-883a132de98b,antiemetics.store,available,,,medium,low,11,,,,
252896d5-28ba-47d8-9491-903263d834bc,selfcommand.store,available,,,high,low,12,,,,
926f7aee-32bd-4d65-aa74-b4ad79be51b2,barcodes.store,available,,,high,low,8,,,,
9b5e61e1-28c9-4531-ab86-61401d8c0afb,gambian.store,premium,78.12,312.5,high,low,7,name.com,,,18/08/2026 19:48
61ca9ed8-3abf-4e01-864b-eae49d1a4bb4,suiter.store,available,,,high,high,6,,,,
4a01a444-37c5-4684-97bd-228933ab62f9,packets.store,premium,302.5,302.5,high,low,7,namesilo,,,20/09/2026 14:11
82136925-824c-42a6-a193-9a5b512c1589,sperm.store,premium,156.25,,high,low,5,name.com,,,
35456a5b-69b5-4253-a230-5edb5ca49096,charnel.store,available,0.98,43.98,medium,low,7,namecheap,,,12/08/2026 02:37
5ad7654a-b4d5-48a1-8a19-42707bc8a0ba,emeishan.store,available,,,high,high,8,,,,
44bcd00c-c8a3-43cb-8574-410f1d0796e8,caseworkers.store,available,,,medium,low,11,,,,
3a570f99-6125-4dd0-9570-440fbd2bb386,descale.store,available,,,high,high,7,,,,
38a88e5b-ad06-4116-8141-353de2905d9a,contraception.store,available,,,high,medium,13,,,,
50a20be9-04ea-46ac-b096-275b7dc54b0e,porcupines.store,available,,,high,high,10,,,,
716fb582-6506-4b6c-99cf-2d2f69b69e0b,grandmotherly.store,available,,,high,high,13,,,,
0459aaf3-3d58-444b-8715-54ddd4e86814,diverging.store,available,0.98,43.98,high,low,9,namecheap,,,14/08/2026 13:37
c0a33393-80a0-406c-9faa-75e3b26c3ca3,gail.store,premium,156.25,,high,low,4,name.com,,,
8fd52ac9-7e07-4f05-afda-8fb942df4cb0,reiki.store,available,,,high,medium,5,,,,
7420c13a-6e7d-4522-ae6e-21eeaa36bdf9,gamepads.store,available,,,high,low,8,,,,
fbbb9790-1a62-4f7d-8d5c-1b051948f727,treater.store,available,,,high,high,7,,,,
068d2037-f130-49fe-9084-a0731cb4a4eb,eerie.store,available,0.98,43.98,high,low,5,namecheap,,,15/08/2026 12:43
fb125ccb-cb4a-4c5c-9bdd-e4de65e2f5b0,cruised.store,available,,,high,high,7,,,,
67724f6f-1fc5-402c-b834-d6cf87fe7167,immunize.store,available,,,high,high,8,,,,
3c908e55-179b-4898-a48b-8d17c71d6828,subvariety.store,available,,,high,high,10,,,,
6bb9f4cd-0529-48b2-b03c-8713f313cb46,bows.store,available,,,high,low,4,,,,
31246689-4346-4fea-984a-0dbb811652ad,weymouth.store,available,,,high,high,8,,,,
fa122301-a3a8-4c1c-9857-08c5b8892b4f,washbowls.store,available,,,medium,low,9,,,,
b5cb6182-78fe-4a93-b779-fcd3f08143b8,divides.store,available,,,high,low,7,,,,
0b302bed-3acf-4477-b4e0-f78adf1be18d,sightseeing.store,available,,,high,high,12,,,,
38591081-a338-4df6-a895-81da51e8ae31,glug.store,available,,,high,high,4,,,,
ddbea194-88e3-43bf-aaa9-a9fe9902c008,timestamped.store,available,,,high,high,11,,,,
622b732a-cd5b-4365-ae18-59be26e5ef2d,bambi.store,available,,,high,high,5,,,,
5aed405b-6385-426b-ae0a-0319636e442f,attilio.store,premium,640,640,high,low,7,namesilo,,,21/09/2026 01:49
7126d859-51a8-4564-b728-01e85039dc54,plentiful.store,premium,156.25,,high,low,9,name.com,,,
46907fc3-6895-420c-9234-6f267a23588a,sedating.store,available,,,medium,low,8,,,,
62348987-d81e-4f95-a1ab-edac456dd87d,kittie.store,available,,,high,high,6,,,,
d497b1cf-6e0d-44f7-96ea-4d6bd30e7805,glycogen.store,premium,325,1300,high,low,8,namecheap,,,19/09/2026 08:46
a348ea14-892f-4f83-8d93-0c07504f4987,russophile.store,available,,,high,high,10,,,,
54e47cf8-0456-46ce-83f0-78567f5875ef,orpine.store,premium,78.12,312.5,high,low,6,name.com,,,24/08/2026 07:58
bc87775f-9698-40ee-8afc-80d85a5aeb77,jerseys.store,available,,,high,low,7,,,,
dc730896-b50e-4d93-bdf9-b75cbbd99243,saxophonist.store,available,,,high,high,11,,,,
8d896c3d-660a-4627-aead-8f330bc7d941,croat.store,available,0.98,43.98,high,low,5,namecheap,,,13/08/2026 07:34
dc8c2a98-6d7b-4521-ae0f-a93a30fbdaca,bambusa.store,premium,81.25,325,high,low,7,namecheap,,,22/09/2026 00:41
c5723a49-fbb9-440d-938a-1dfb93dc803b,goldsmithery.store,available,,,high,high,12,,,,
dbe850b4-ba5c-4816-9166-c559ee965897,masoud.store,premium,81.25,325,high,low,6,namecheap,,,17/09/2026 20:25
f8c49956-2c66-4891-bf3e-2a84b640d5d7,decompress.store,available,,,high,high,10,,,,
8be08047-52ee-4d2f-a49e-dd6b64e2be57,tended.store,premium,302.5,302.5,medium,low,6,namesilo,,,18/09/2026 22:30
3e58fdd2-da0e-497f-a216-1c758e9577ec,maledict.store,available,0.98,43.98,medium,low,8,namecheap,,,
9deac2a7-96c0-4e46-ae38-9d57ba25482f,strabismus.store,premium,162.5,650,medium,low,10,namecheap,,,10/09/2026 17:49
2e898f28-ca9d-4ab9-b7bb-c5d425dee04c,kinetics.store,available,,,high,high,8,,,,
2b10fac3-9b9e-4bf1-8911-20f4f4129f56,micro.store,premium,3450,3450,high,medium,5,namesilo,,,23/09/2026 08:34
bd819129-00f9-45ab-beb1-5b8727bd1317,obtuse.store,premium,162.5,650,high,low,6,namecheap,,,24/09/2026 12:17
47f9618c-62c1-4b4a-a835-dc9c03798520,aspheric.store,premium,78.12,312.5,medium,low,8,name.com,,,07/08/2026 04:52
89515748-595d-4e18-844f-8451b0287790,gornoaltaisk.store,available,,,high,high,13,,,,
c341f9a5-a9aa-43ba-9ea5-f5ed26911941,seemly.store,available,0.98,43.98,medium,low,6,namecheap,,,09/08/2026 06:27
90ec71df-aada-45f3-9662-fa2c5073ccf0,countersuit.store,available,,,high,high,11,,,,
799acf77-7a48-4343-8750-860c0111d8b7,blinks.store,available,,,high,high,6,,,,
f9b62867-9bfe-4ea9-a7ca-fadfc440b873,miniskirt.store,premium,78.12,312.5,high,low,9,name.com,,,24/08/2026 23:47
8d754cb1-4abe-4a0d-9e02-39c4d407444c,chennai.store,available,,,high,high,7,,,,
c53fa7e1-3ace-4300-8740-5f23f01a3bd6,duodenal.store,available,0.98,43.98,high,low,8,namecheap,,,14/08/2026 21:21
637b6be7-6d5b-4700-af7d-c1a0a1155874,bind.store,premium,640,640,high,low,4,namesilo,,,22/09/2026 00:54
ca4a86fa-e48a-4f6c-bc23-db457ab64cb7,generical.store,available,,,high,high,9,,,,
a5404f12-508a-469b-8f64-609a144bf7dc,sciencelike.store,available,,,high,high,11,,,,
227110b2-332f-4c71-bd2a-f9dc9592c88b,federate.store,premium,78.12,312.5,high,low,8,name.com,,,18/08/2026 00:36
954e5e13-748f-4c99-9f92-00c4368b3acf,internal.store,premium,640,640,high,low,8,namesilo,,,25/09/2026 09:40
b0a27cc7-7de5-4514-a2c5-e3e4713026c9,apparently.store,premium,81.25,325,high,low,10,namecheap,,,08/09/2026 20:26
3195987a-2814-4caa-b2f9-3f04fc89f4cd,acolyte.store,resell,,,high,low,7,"GoDaddy.com, LLC",05/05/2024 16:26,05/05/2027 23:59,26/09/2026 01:21
6d8823d8-4c6c-47fe-85ae-5223e6a03534,commitments.store,available,,,high,low,11,,,,
ba29557a-7749-4c0a-8b03-2fb0baf01adb,axone.store,premium,640,640,high,low,5,namesilo,,,21/09/2026 10:31
36777149-d599-4d08-b253-4511739976e7,bassinet.store,premium,302.5,302.5,high,low,8,namesilo,,,22/09/2026 12:23
2aa2da30-179d-4c64-a237-6467dd6d58f5,tantalisingly.store,available,,,high,high,13,,,,
851c4aa1-176a-4f95-a018-448626f23ee8,religious.store,premium,812.5,3250,high,low,9,namecheap,,,09/09/2026 13:37
67300fcd-1ef3-4971-a500-fd4640f8e073,iguassu.store,available,,,high,high,7,,,,
cd36ef7f-714a-4031-94d1-bccbad0a8454,flying.store,premium,3450,3450,high,low,6,namesilo,,,24/09/2026 17:17
7d98ac48-0ff2-4090-97b4-7e29011ca858,nsda.store,available,,,high,high,4,,,,
71c010bc-16ba-4b14-82a7-8a4518a4d1d5,endgames.store,available,,,high,low,8,,,,
ab14aa30-152c-4df6-9260-1267797b107b,tremendously.store,available,,,high,high,12,,,,
92067192-54d4-4301-be73-abeee3517be7,width.store,available,,,high,high,5,,,,
99be082f-570b-4052-8b3c-e05ee17c1b8a,simulate.store,premium,156.25,625,high,low,8,name.com,,,10/09/2026 05:48
2d01158d-3c11-4af8-87e3-392341950bb7,erestitution.store,available,,,low,low,13,,,,
265f55b9-0e55-4ac4-a74a-a09a40d3860d,obi.store,premium,302.5,302.5,high,high,3,namesilo,,,25/09/2026 12:29
aaaafdc2-05b1-4de0-9bef-2a213da785f7,subacid.store,available,0.98,43.98,medium,low,7,namecheap,,,10/09/2026 23:22
3feb2356-e412-485b-bef8-a0793c056935,scarf.store,available,,,high,high,5,,,,
6bf2f44f-46d9-49f5-9651-975e87bfabf6,uncage.store,available,,,high,high,6,,,,
a4938228-78d4-4338-942c-b7af70bd0c9d,woodchopping.store,available,,,high,high,12,,,,
26ba3aec-d779-4023-af7c-2444299f285d,highlands.store,available,,,high,high,9,,,,
9d57d1d7-ed30-486a-90ad-200e3c9b3b84,alphacypermethrin.store,available,,,high,high,17,,,,
e1718ba7-531d-493b-98ab-883c3f44cd29,thong.store,premium,312.5,,high,low,5,name.com,,,
a7938591-99ee-413b-a7a1-426cdd7e18c4,chequered.store,available,0.98,43.98,high,low,9,namecheap,,,12/08/2026 03:40
ebf0fff6-8c55-4e55-a567-9210f678ffa9,burgundian.store,available,,,high,high,10,,,,
b2287ea4-d50c-4dd8-9861-9e4535a42426,pecs.store,premium,81.25,325,high,low,4,namecheap,,,08/09/2026 12:11
69733bd2-0066-4b60-af43-a638b84ad674,bibliography.store,available,,,high,high,12,,,,
503b26d5-a3d1-4a81-befd-2015ff49a9e0,saison.store,available,,,high,high,6,,,,
1d25e284-c825-450c-a9a6-0031c52a7599,midbuccal.store,available,,,medium,low,9,,,,
eb74f440-99e0-4357-b7f3-b125581ce346,archdeacon.store,available,5.19,58.99,high,low,10,namesilo,,,20/09/2026 01:53
b2352664-8332-4d2c-a4c4-34e764e0fdb6,bimbo.store,premium,1107,1107,high,low,5,namesilo,,,23/09/2026 16:54
a1f91aad-854f-48b0-be22-780084d2f27f,agronomic.store,premium,156.25,625,high,low,9,name.com,,,
7749558c-817a-4b75-9218-115d59f6550f,corbel.store,premium,640,640,high,high,6,namesilo,,,24/09/2026 08:04
44f2a9af-20c4-4ba2-9961-3eebcd23db9a,winking.store,available,0.98,43.98,high,low,7,namecheap,,,10/08/2026 14:28
81f0d6e7-b059-4bcd-aed6-bb1687f7bb8a,midspectral.store,available,,,medium,low,11,,,,
9b1b0619-6fb1-47eb-9a34-adf8cfcfb27d,insecure.store,premium,156.25,625,high,low,8,name.com,,,22/08/2026 06:42
ad9038c9-f545-469d-a5e2-823ecdaed2d8,contrabalanced.store,available,,,medium,low,14,,,,
5ae3051f-0100-4255-8c40-40ec657ed50e,kitemark.store,available,,,high,high,8,,,,
da5a44de-19ad-4cf0-99c2-9caeb3de8aa2,calculation.store,premium,325,1300,high,low,11,namecheap,,,25/09/2026 04:46
7e46e32d-c016-426b-9ed9-fefef1c34086,thresher.store,premium,302.5,302.5,medium,low,8,namesilo,,,18/09/2026 13:23
e370bdfc-e909-43b3-a264-0a1366e1dafc,whoppers.store,available,,,high,low,8,,,,
64eb3d83-106b-4b3f-a7f8-0438e332efb3,ocmulgee.store,available,,,high,high,8,,,,
f026a81b-d45b-42cf-951a-4aa6f41e6b1f,isolationist.store,available,,,high,high,12,,,,
a798244b-05fd-47ce-94ca-6adca0d237af,recompose.store,available,,,high,high,9,,,,
6ca15409-48b2-4b1d-a381-9f6d4db0b9a9,emphasizing.store,available,,,high,low,11,,,,
90456df6-b3de-43fd-b5c4-99b5c701d3fc,copyedit.store,available,,,high,high,8,,,,
58bbdb28-b68e-47c7-b4c9-5f27739a3ad8,rosebush.store,premium,81.25,325,high,medium,8,namecheap,,,09/09/2026 18:41
7e569fba-be4a-4528-9e39-2b61241db30b,metafile.store,available,,,high,high,8,,,,
decf3b4e-fc15-45cb-a672-fe1900b17d1a,haylike.store,available,,,high,high,7,,,,
80cdd21d-bfb9-4576-8443-cbda3a078e7f,sunbelt.store,premium,78.12,,high,low,7,name.com,,,
75266c03-7028-4c76-8fdc-b9e9b6f277e5,lays.store,available,,,high,medium,4,,,,
70e7b2c6-93d8-47a4-a521-99e37ed14568,undisturbing.store,available,,,high,high,12,,,,
c575d7b4-a3a4-45db-ad16-9369a4f00edb,cagers.store,available,,,medium,low,6,,,,
80018317-1d29-4fc6-8a37-9595ef52a1fa,extramural.store,available,0.98,43.98,high,low,10,namecheap,,,17/08/2026 19:18
9a745e9e-1472-4c1a-add0-37ac552bcffb,princeton.store,available,,,high,high,9,,,,
d02e7645-5f63-4df6-a2ec-757582cc98c8,breathless.store,premium,156.25,625,high,low,10,name.com,,,11/08/2026 03:23
9fb90f31-ea29-4062-be17-13aeb9ca1761,lapdogs.store,available,,,medium,low,7,,,,
86f580e5-102d-4a10-910c-4a3b9d964497,scandinavian.store,available,,,high,high,12,,,,
f2ddb38c-191a-49e8-8e73-250fde75377b,polytechnics.store,available,,,high,low,12,,,,
0d2ee505-66c3-4903-b8c1-10967ff8bf00,generalise.store,available,,,high,high,10,,,,
3f7cedf5-a947-4bac-85c9-8d7307a5460e,petrochemical.store,available,,,high,high,13,,,,
1cceabfa-c8ef-498a-9acf-26f0969ed5a3,occident.store,premium,81.25,325,medium,low,8,namecheap,,,13/09/2026 10:49
68ca576d-f8d0-4f12-ba92-3ba3718fee99,wiederkehr.store,available,,,high,high,10,,,,
d21c7a7c-51ee-4cf6-8ee2-4409afcad082,ailanthus.store,available,0.98,43.98,high,low,9,namecheap,,,17/09/2026 21:07
470a70e3-c4b8-4beb-ac15-1755172b80c6,unkempt.store,available,0.98,43.98,medium,low,7,namecheap,,,12/09/2026 14:07
6eb93c4e-a372-44de-b0b5-0f8271b0603c,waw.store,available,,,high,high,3,,,,
e28e17e9-0f69-4080-947f-1932c9469d70,jetstreams.store,available,,,high,low,10,,,,
be3a6aea-7e33-4d4d-835a-8529c7da095c,snowmobile.store,available,,,high,high,10,,,,
de4534cb-3460-4493-ba58-2ba40c787c80,concocted.store,available,,,high,low,9,,,,
0e6f246e-2da3-41d9-8a59-70cded278a5a,picnicker.store,available,,,high,high,9,,,,
8c43a581-a975-4ee9-9a80-1bc7e81264d9,quadricep.store,available,,,high,high,9,,,,
e14895c2-3d1b-4d50-bf39-84730abf7bd0,outcome.store,premium,78.12,,high,low,7,name.com,,,
d283a2e2-f810-41eb-96cb-8dc0d7f5e6f9,winter.store,premium,3450,3450,high,low,6,namesilo,,,25/09/2026 11:04
b14ab868-3055-4ace-8f30-9ae46ae3e751,coltauco.store,available,,,high,high,8,,,,
79cd24b9-4868-4ac1-bb31-634ce2047fa5,counterclockwise.store,available,,,high,low,16,,,,
68401448-6046-43c5-9c29-008fbcccea5f,rand.store,resell,,,high,low,4,Squarespace Domains LLC,18/12/2023 00:26,18/12/2026 23:59,26/09/2026 08:29
26f48971-df26-4585-9fb7-af91f8debb29,empathically.store,available,,,high,high,12,,,,
071aeae3-4ee6-4a40-82dc-8a1e0b383ade,although.store,premium,156.25,,high,low,8,name.com,,,
d1bd545a-f030-412e-95de-787bd5aef461,flux.store,available,,,high,high,4,,,,
8051bccb-2139-47f2-8f0c-f5b92a47682c,ashok.store,available,,,high,high,5,,,,
bcc3b333-f78b-4b45-bd9c-4dc4753639dc,pleather.store,available,,,high,high,8,,,,
2ec7e501-6216-415f-b0e3-2fbbda6c2569,counted.store,premium,78.12,,high,low,7,name.com,,,
a75ff855-f2aa-436b-99cd-10726285152d,anaglyph.store,premium,302.5,302.5,high,low,8,namesilo,,,19/09/2026 01:21
2a92729d-c0da-4e98-b9a1-c1293dd43303,undertake.store,premium,302.5,302.5,high,low,9,namesilo,,,24/09/2026 17:44
492f242e-aa7d-49bb-a58b-fe0b6d2f6617,mounting.store,available,,,high,medium,8,,,,
7dfc7c72-05c6-4897-9ece-2c38ddfcf912,taleteller.store,premium,81.25,325,high,low,10,namecheap,,,11/09/2026 10:32
326f732b-f26e-41d8-9c15-9fd1ae2b5ca0,rainclouds.store,available,5.19,58.99,high,low,11,namesilo,,,25/09/2026 13:19
48cb1787-3cd9-46e6-9ecd-b876e28105db,graduality.store,available,,,high,high,10,,,,
c856dd4a-53ae-47e5-9e1f-30a5677ee944,counteracted.store,available,,,medium,low,12,,,,
e9e0a30a-2408-4a76-817f-2a0fa1c95c12,tristian.store,available,,,high,high,8,,,,
a631cb5c-b878-4447-905f-3edf3f1a287a,auke.store,available,,,high,high,4,,,,
165c2340-3890-4c69-9a87-452264f7e5cf,hibernator.store,available,,,high,high,10,,,,
58b1a805-d942-4ca2-a6b0-67588897b94c,blinked.store,available,,,high,low,7,,,,
38f689ba-6d96-4494-84ee-8124b77185be,abstracted.store,available,0.98,43.98,high,low,10,namecheap,,,
358218cd-6081-44c0-847b-d639d4e53dbe,grasping.store,premium,78.12,312.5,high,low,8,name.com,,,07/08/2026 22:04
516ba83c-8ff8-4eb1-a164-c1f68931592f,liz.store,premium,1107,1107,high,low,3,namesilo,,,25/09/2026 14:24
5f3cdc33-436c-4f3e-8fae-6bce59f0e721,outdate.store,available,,,high,high,7,,,,
5cd32ca3-a35c-4689-b44d-c5ca3a72b9ee,pensive.store,premium,78.12,312.5,high,low,7,name.com,,,11/08/2026 06:00
5d653118-421f-4cc9-b7e7-52649a9b7d42,bracer.store,premium,302.5,302.5,high,low,6,namesilo,,,20/09/2026 06:51
b7b2188a-4b01-494a-a810-e8fc27d51a71,accountably.store,available,,,high,high,11,,,,
67e0d44f-9837-4661-b5f1-2d397cb4d2e5,horsefish.store,available,0.98,43.98,medium,low,9,namecheap,,,20/09/2026 21:39
597cd8e3-1e4d-465e-866e-91af74e1935a,languor.store,available,,,high,high,7,,,,
102bbdbd-1900-40d7-ad1e-4f0779e8cb41,hydroxy.store,premium,78.12,312.5,high,low,7,name.com,,,21/08/2026 16:25
990dd4ae-1cab-4001-912c-73040c266588,indulges.store,available,,,high,low,8,,,,
0789983c-274c-4ab6-a4fd-79ae67ab149f,monocacy.store,available,,,high,high,8,,,,
e87c6fdb-e08d-49e8-ba2d-292dd94a8768,midtracheal.store,available,,,medium,low,11,,,,
6e5142dd-3306-4875-bc65-3e6e0b266877,nra.store,available,,,high,high,3,,,,
c16ad7b9-f66a-4325-b9c0-0061cf1f7880,makayla.store,available,,,high,high,7,,,,
7dfd5cfb-7d01-4862-869b-9635007dcb3d,aperiodic.store,available,0.98,43.98,high,low,9,namecheap,,,05/08/2026 22:30
90baf33b-a1ef-4695-afcd-388eb5928c7d,unadjusted.store,available,0.98,43.98,high,low,10,namecheap,,,11/09/2026 23:52
84812d39-40f1-47dc-8613-33aef84819a0,contorted.store,available,0.98,43.98,high,low,9,namecheap,,,12/08/2026 23:22
be50be59-b68a-4b8f-891b-6430e627618e,tighter.store,available,,,high,high,7,,,,
7370b840-60e8-4494-b35e-e36665d7cad1,spice.store,premium,781.25,,high,low,5,name.com,,,
c823f92b-806b-47ea-9a82-fd79d5db64f6,cityscape.store,available,,,high,high,9,,,,
59f34977-3722-4cc5-b595-88d31fc1a1be,salvager.store,available,,,high,high,8,,,,
3ac72f4e-81ac-4697-bce4-7b1dc5168781,films.store,premium,3450,3450,high,low,5,namesilo,,,25/09/2026 17:41
f425f915-f0a6-40c0-96c2-5e886efdf8c2,exonerate.store,available,,,high,high,9,,,,
fbaff063-a9e6-4e1c-9077-f597b5901e9c,nuckolls.store,available,,,high,high,8,,,,
17679d21-a24a-43a1-a080-1971b790c7b9,popping.store,available,,,high,high,7,,,,
78221dca-6b57-4ef4-9a7f-57baa65558d7,soissons.store,available,2.99,75.99,medium,low,8,name.com,,,22/09/2026 15:58
64fd6694-8594-431e-8141-121f6483585e,jibe.store,premium,640,640,high,low,4,namesilo,,,22/09/2026 04:14
2fe75520-8f28-487c-ac2a-d8da2227091a,lottery.store,premium,3125,,high,low,7,name.com,,,
83b1586c-876a-42fa-87ff-e5d47c7c7f76,fetus.store,available,,,high,high,5,,,,
14c904ee-17f6-44a4-82d0-09bc9dc7a4e1,housemother.store,available,,,high,high,11,,,,
83ccc20a-dd04-408b-9b40-46bf91c62112,knoblike.store,available,,,high,high,8,,,,
9f0d2203-cffb-432f-8bbc-e87d4bbc8cc1,radiotherapist.store,available,,,high,high,14,,,,
8f38c29a-4866-4f0c-9ad6-ea32477a461e,pass.store,premium,781.25,,high,low,4,name.com,,,
57a0363a-615b-4b64-88d1-40f6fbd68d8b,balzac.store,premium,640,640,high,low,6,namesilo,,,22/09/2026 00:32
a3562f5b-0d7d-489a-a47a-dea4c6617951,cinema.store,premium,812.5,3250,high,low,6,namecheap,,,23/09/2026 07:48
a26cb7f8-a12d-4117-9f77-0dc63faf1438,smidgeons.store,available,,,low,low,9,,,,
b1a71b09-1d76-4241-82cf-b6f7d9f64344,feminist.store,premium,312.5,1250,high,low,8,name.com,,,18/08/2026 01:02
406dd28d-0a9f-412c-8ae1-50f29565c369,chankonabe.store,available,,,high,low,10,,,,
b095d4c2-f5a5-4244-a27b-785c3f615490,freeways.store,available,,,high,low,8,,,,
483b44ad-b8da-4147-852c-ee66a873d49b,goostrey.store,available,,,high,high,8,,,,
0fa5f88a-2578-4595-b8b2-fb35a70aad3a,stacee.store,available,,,high,high,6,,,,
5447e4ac-54b6-4526-8341-14f7076c37cd,melodrama.store,available,,,high,high,9,,,,
cdd8afef-09c0-4af7-898d-442b2a55ccb2,potawatomis.store,available,,,medium,low,11,,,,
fc43ea3e-1e9a-49d0-81bf-9cd34a3175c3,bimodal.store,premium,156.25,625,high,low,7,name.com,,,09/08/2026 23:23
e8cf79a2-c56d-4c7e-bc04-6ce2bba81028,iddm.store,premium,640,640,high,low,4,namesilo,,,21/09/2026 06:41
f147c965-4de1-4536-951b-3e90be256bf1,supramental.store,available,,,high,high,11,,,,
d31ee64d-59dd-46eb-a7a6-7f4891c4d330,washingtonian.store,available,,,high,high,13,,,,
7ac9e311-4d4f-4bb6-9923-f93b98e15353,nullity.store,premium,81.25,325,high,low,7,namecheap,,,13/09/2026 06:33
e1dbae1f-4118-4ba7-928d-c6f4a016ce86,ionisation.store,available,,,high,high,10,,,,
13032e3a-2881-45ed-943a-6750c2fadc6c,defensive.store,premium,156.25,625,high,low,9,name.com,,,13/08/2026 23:15
08743ed2-5e69-4100-8f86-4bbfecb076bd,joy.store,premium,781.25,,high,medium,3,name.com,,,
b4417af0-f553-4c60-95e9-2c95d32b03f0,expository.store,available,0.98,43.98,high,low,10,namecheap,,,17/08/2026 18:39
6e91d301-1a2a-4acf-92c2-4b4d55961aa8,cadences.store,available,,,high,low,8,,,,
4a2e512f-89ff-40fc-a26b-6b44b14bf038,arguable.store,premium,156.25,625,high,low,8,name.com,,,06/08/2026 18:32
0f6f94bb-ce7d-4a08-b6ba-a1a9b16d73b0,reefed.store,available,,,high,high,6,,,,
b8e64c1f-ded7-47d5-9426-0a8f17abf86b,happen.store,premium,3450,3450,high,low,6,namesilo,,,25/09/2026 06:00
34697e65-7e67-4c9e-b0c8-cf4e34fd117a,bacchante.store,premium,302.5,302.5,high,low,9,namesilo,,,21/09/2026 13:59
d5ec6526-b9de-4f6d-8e67-a75bd254e542,butterdock.store,available,,,high,high,10,,,,
e16e238d-43a4-4711-aa01-eec4f9f52453,midaxillary.store,available,,,medium,low,11,,,,
61d6056d-bc6c-4dac-93fb-040421070920,hemorrhage.store,available,5.19,58.99,high,low,10,namesilo,,,24/09/2026 05:28
6a0cfb78-a994-41a7-bdf8-284ccf7ca20d,servo.store,premium,325,1300,high,low,5,namecheap,,,10/09/2026 04:57
5ec45d08-006f-4219-8b33-9f390648aa42,arras.store,premium,302.5,302.5,high,low,5,namesilo,,,20/09/2026 08:49
069460ee-806d-4686-ab93-def8259ca4b0,naturalized.store,available,,,high,high,11,,,,
bc6dac6e-3187-4173-bade-f7da566de3e3,penman.store,available,,,high,high,6,,,,
fa74f1b6-e369-4007-abae-bcb827707fd1,graphically.store,available,,,high,high,11,,,,
8238eb09-2337-41bf-885a-a3a92c2bd8cb,warmed.store,premium,81.25,325,high,low,6,namecheap,,,13/09/2026 08:22
4818bf59-77b5-4ebb-8cb3-17efcb188b42,sagging.store,available,0.98,43.98,high,low,7,namecheap,,,14/08/2026 19:45
9bbe5d6b-4abe-4831-a9f0-8f2f63e30700,girlish.store,premium,78.12,312.5,high,low,7,name.com,,,18/08/2026 23:59
f494a7f3-9fca-4a38-9a1d-261d1c9718ba,gorillai.store,available,,,high,high,8,,,,
60b4adb6-c06c-4016-b32e-5e2d3ddd6a1f,citybus.store,available,,,high,medium,7,,,,
8cbbb359-756c-4eed-9e4b-1e891405b0d8,hugo.store,available,,,high,high,4,,,,
bba9bd54-4962-4d53-b37b-1eab6bcac503,deodorizer.store,available,,,high,high,10,,,,
506f2003-7740-4392-9a29-2bb9e7b83956,hairnet.store,available,,,high,high,7,,,,
ae385c3e-2d2f-4114-a872-15908c80242e,intermediary.store,available,,,high,high,12,,,,
332a1f7d-29d2-45ab-867e-dc6c7d533f2b,incomparable.store,available,,,high,high,12,,,,
129bed6a-2f14-4e40-b7d3-cba655b1bb1e,similitude.store,premium,81.25,325,high,low,10,namecheap,,,18/09/2026 07:51
262b2b0b-6eb2-4f4f-bccb-707fd9bf328c,akvavit.store,available,5.19,58.99,high,low,7,namesilo,,,18/09/2026 00:17
e61f9ce3-d453-4a9a-978c-bf3653ad39bb,gnomelike.store,available,,,high,high,9,,,,
07046bc0-7d57-4f6e-a6f4-fe11be9f1d1f,oncomouse.store,available,,,high,high,9,,,,
8b4f34b0-1951-4579-8eb3-c5d5082eebcd,amends.store,premium,302.5,302.5,high,low,6,namesilo,,,18/09/2026 18:41
c37c1b90-e2fc-44cc-81e0-eb78bf4ed925,decedent.store,available,0.98,43.98,medium,low,8,namecheap,,,13/08/2026 21:05
4c08f222-c4c3-4de0-85d7-7aefed174ed4,herding.store,available,,,high,high,7,,,,
6506a9c3-6a55-4435-8a6c-c46dbb5a22f4,dehydrator.store,available,,,high,high,10,,,,
be0b2e8c-a6d3-4c2e-8e92-a6e58fbc5ef6,fingerwidth.store,available,,,high,high,12,,,,
5d0f9250-bfd6-4591-a3b2-b275f4c056a2,identifier.store,premium,1562.5,,high,low,10,name.com,,,
7a4d6421-d814-4967-bd01-5b72e5a0b9ee,atrazine.store,available,0.98,43.98,high,low,8,namecheap,,,21/09/2026 00:37
7074b3b5-d9cc-4ab9-8b2b-bdfbc2fc3709,thighbone.store,available,,,high,high,9,,,,
e2373c3d-86f9-42fb-bbdc-2634e950af8a,logo.store,premium,6900,6900,high,low,4,namesilo,,,23/09/2026 08:54
ff5ecdcf-4b4b-425f-974a-191c64eb19dc,comet.store,available,,,high,high,5,,,,
21506fe5-ff25-4759-b58a-4790c744841e,archeology.store,premium,325,1300,high,low,10,namecheap,,,20/09/2026 01:43
1d3e4cc5-dc69-4a32-b400-0522cb102c55,uncertainties.store,available,,,medium,low,13,,,,
c9d0f6fa-69b9-4af5-bbab-57086b4b7abe,whitacre.store,available,,,high,high,8,,,,
efaacab3-80e0-4f78-9995-c80354332ae8,contains.store,premium,302.5,302.5,high,low,8,namesilo,,,18/09/2026 15:08
ce2e9369-3371-4b0e-b41e-5ce656de2b4b,assembling.store,premium,162.5,650,high,low,10,namecheap,,,20/09/2026 16:08
4eefd47a-5053-4de0-b269-75a651d046ce,chooser.store,available,,,high,high,7,,,,
b74afd98-641e-4ede-88af-fde4b59fce65,billet.store,resell,,,high,low,6,Squarespace Domains LLC,28/11/2022 15:57,28/11/2026 23:59,26/09/2026 04:25
cc01cebc-c163-4736-8fe3-b7feeb8407c4,glassed.store,premium,78.12,312.5,high,low,7,name.com,,,20/08/2026 14:07
42f32d0d-c08c-4ac5-9aa8-d7478221d493,curlers.store,available,,,high,low,7,,,,
f0e09f15-ce43-482c-a462-87289f3f6e03,lefty.store,available,,,high,high,5,,,,
ef310932-a001-4107-b2f4-a684008409b6,catchball.store,available,,,high,high,9,,,,
2d37af7d-a470-4e5a-9b9b-a77de1efeba1,neurologic.store,premium,81.25,325,high,low,10,namecheap,,,03/09/2026 16:16
50293f53-8663-465b-9df2-6ea192bd9bee,subscripted.store,available,,,high,high,11,,,,
c427b57e-964a-42c9-9555-fc29b82a3ef9,subsidiaries.store,premium,640,640,medium,low,12,namesilo,,,20/09/2026 06:35
e12932b8-2aff-4d55-bca0-afd0b38c920b,elos.store,resell,,,high,high,4,"GoDaddy.com, LLC",24/09/2025 19:08,24/09/2027 23:59,26/09/2026 05:48
e90c869f-6d5b-47e6-83ae-620dea4ecb02,bible.store,premium,1562.5,,high,medium,5,name.com,,,
a6404f9d-b3f7-480b-9961-46d7c6bc085f,coiling.store,premium,156.25,625,high,low,7,name.com,,,12/08/2026 16:09
7ef0041e-bb77-4adb-9689-0caa58110e28,balancing.store,premium,325,1300,high,low,9,namecheap,,,21/09/2026 20:56
7085a0cc-2162-47d1-b261-fc12c0e35687,biddable.store,available,0.98,43.98,high,low,8,namecheap,,,
55bceaf6-4f82-4f1b-b1c7-cec22b1e4caa,clathrates.store,available,,,medium,low,10,,,,
a3972a54-fe73-421c-a13c-917f2e5de72b,dysgenic.store,available,0.98,43.98,medium,low,8,namecheap,,,11/08/2026 12:30
fcdca0bd-a613-4414-b7e3-72306411fefe,charlottetonian.store,available,,,high,high,15,,,,
e527df09-aab4-4645-baa4-d689e3125f2a,england.store,premium,781.25,,high,low,7,name.com,,,
d383454d-b2f5-468d-9380-a3a9c3675eb3,funeral.store,premium,1107,1107,high,low,7,namesilo,,,25/09/2026 22:54
d3d93f4b-6070-4cbf-a57c-3c192b3d24c2,termination.store,premium,162.5,650,high,low,11,namecheap,,,04/09/2026 07:49
a88a7029-aa9c-4a16-8b9d-b9c2e0c4dad3,orthodontist.store,available,,,high,high,12,,,,
d5a41b78-ac65-40ef-ab48-ad86ddb2f1d3,goodwin.store,available,,,high,low,7,,,,
1bd1d301-0442-4a0e-b4e4-e4179d660ada,emerging.store,premium,156.25,625,high,low,8,name.com,,,16/08/2026 15:03
fb751293-0756-441c-8ee9-5b532968c978,previous.store,available,,,high,low,8,,,,
807a134c-bff3-49cb-ab80-115ae69e2e36,exactly.store,premium,640,640,high,low,7,namesilo,,,26/09/2026 00:15
667b9148-feb5-42e3-8daa-944e08606c8b,picoamp.store,available,,,high,high,7,,,,
11840b69-deb3-4a3b-896a-5283e79b1344,scowling.store,available,0.98,43.98,medium,low,8,namecheap,,,09/08/2026 08:33
ea5e996e-12ea-4f17-9973-664aced3fda0,transfuse.store,available,,,high,high,9,,,,
3106b89e-f22e-49d3-8faa-33c0fe6ca6e9,acidostabilization.store,available,,,medium,low,18,,,,
2b4a5871-e209-4aba-9ca8-ee8c3ca1b8a9,alisson.store,available,,,high,high,7,,,,
3bf8e885-5648-409d-a8fd-a57370b31efe,craic.store,available,,,high,high,5,,,,
70ab22a6-1c39-4205-9a58-588120ba8842,tape.store,premium,781.25,3125,high,low,4,name.com,,,
aff73112-2ab5-4713-996d-4597b80a2bca,walter.store,premium,1107,1107,high,medium,6,namesilo,,,25/09/2026 03:36
e7de27a3-9199-4949-b10c-7730d37340ef,cmr.store,available,,,high,high,3,,,,
9eeb7040-d4ee-44a4-ab31-d036c73100d6,latent.store,premium,312.5,1250,high,low,6,name.com,,,22/08/2026 20:30
96146295-e357-4764-9d2a-a4be37f0c85c,musicologic.store,available,,,high,high,11,,,,
af9ec3ec-6437-4af2-aee0-0517f44773d2,excepting.store,available,,,high,medium,9,,,,
bc915a11-e2aa-4c21-adf0-05175c899011,pilgrims.store,available,,,high,medium,8,,,,
1f1fa63f-581f-4886-ba96-527f99d6b5b5,wastebin.store,premium,78.12,312.5,high,low,8,name.com,,,20/09/2026 13:38
e84b91e1-7cce-4905-b03f-b67e0f7b46e2,llb.store,premium,640,640,high,low,3,namesilo,,,21/09/2026 14:13
ff86c9d5-909f-46ea-b2d0-f14ab9f9875b,colourate.store,available,,,high,high,9,,,,
761c7c62-d8f6-42d2-bacb-1d28fbc77785,intine.store,available,,,high,high,6,,,,
5f03d6fd-9033-47f3-8f9b-d2781d0095ce,ada.store,resell,,,high,medium,3,"GoDaddy.com, LLC",14/06/2016 16:00,14/06/2027 23:59,26/09/2026 01:22
68037155-0378-44b4-a6b0-9754708b7194,bytecodes.store,available,,,high,low,9,,,,
eb85fa95-c654-41c2-8369-6acebeef63bb,destinee.store,available,,,high,medium,8,,,,
39df2e1c-bb44-40d2-814a-522c6adbd75c,friendom.store,available,,,high,high,8,,,,
288459a0-c83d-45e2-8218-dc4a2d89e845,potsticker.store,available,,,high,high,10,,,,
221a2f96-9138-4120-b48c-ad3f52c7251c,hedgerow.store,available,,,high,high,8,,,,
2adef179-daf0-4a2f-aad3-33d8914e7494,yogurtlike.store,available,,,high,high,10,,,,
cd79c193-9fc7-4fd7-96ab-46bf95790cd8,archlike.store,available,,,high,high,8,,,,
27939af5-4958-4b5f-b6d4-0e642c86d1b2,lockbox.store,resell,,,high,low,7,"GoDaddy.com, LLC",04/12/2025 18:55,04/12/2026 23:59,26/09/2026 07:17
31911044-02dd-4e01-8f58-4ce3d1c8b236,gotarzes.store,available,,,high,high,8,,,,
c9f1c971-5710-4fbb-b4ad-987338f45b2f,perceives.store,available,,,high,low,9,,,,
8f3bf8c0-5901-4bb8-a690-a465ba55f67c,likelier.store,available,,,medium,low,8,,,,
c21262f4-188e-4224-9d93-fbc626d8ffa2,retelling.store,available,,,high,high,9,,,,
4df46409-0ea0-4f47-b367-42a793fb3833,orphan.store,resell,,,high,low,6,Squarespace Domains LLC,12/12/2024 00:46,12/12/2026 23:59,26/09/2026 07:57
d67f24df-372c-4d83-a0fb-3632c1aafa3f,arboreous.store,available,0.98,43.98,medium,low,9,namecheap,,,06/08/2026 12:59
610cf3cf-bdae-4778-b278-e795851a9686,trilled.store,available,0.98,43.98,high,low,7,namecheap,,,09/09/2026 18:20
de703156-a54a-4a11-b175-d1d951fa6cbd,climatologist.store,available,,,high,high,13,,,,
d3f2933c-6463-47bb-b36f-cdd70447356d,fame.store,premium,781.25,,high,low,4,name.com,,,
4834ed70-926d-490d-ae75-fdedddccfc6c,goosehill.store,available,,,high,high,9,,,,
38bc7539-68a1-4766-b1fe-4ae602a90e8b,glamourize.store,available,,,high,high,10,,,,
c35511f4-dc2a-46f8-a919-fae68e86edb8,lineage.store,premium,812.5,3250,high,low,7,namecheap,,,08/09/2026 13:04
c7f1d11f-6a6b-4215-aab6-7398b5f718a9,columnist.store,available,,,high,high,9,,,,
971e9635-b475-481d-94b1-387130add50b,fingernails.store,available,,,medium,low,11,,,,
15a34acb-4b38-47c4-acf7-cff869f4a87b,prestigiously.store,available,,,high,high,13,,,,
def14397-f4dd-444c-b872-ecb3f42c28cd,organdies.store,available,,,medium,low,9,,,,
ee41161d-4db1-4b59-813c-e001425db85b,dies.store,premium,640,640,high,low,4,namesilo,,,25/09/2026 16:12
6cb126b6-b4e3-4b55-a957-ff263e8cea6e,antiblack.store,available,0.98,43.98,medium,low,9,namecheap,,,
647e608e-214a-496b-9ce6-46a5e256e330,midtwentieth.store,available,,,high,high,13,,,,
beb5d736-02c8-46f2-88cd-81c59a36a5d6,trembles.store,available,,,high,high,8,,,,
7f57ce49-fef9-4dfa-a8d5-bb6d83b5baee,despise.store,premium,156.25,,high,low,7,name.com,,,
5b219502-7424-41d3-9244-34ff2ebbda61,dramatic.store,premium,302.5,302.5,high,low,8,namesilo,,,24/09/2026 12:04
7ec9f444-a532-412e-9777-30f90243bb62,hippie.store,available,,,high,high,6,,,,
349cfbd0-1b59-4a92-9bf0-805be19e35df,apprised.store,resell,,,high,high,8,"GoDaddy.com, LLC",06/12/2024 03:35,06/12/2026 23:59,26/09/2026 03:57
aa73a56a-f567-4b1b-9c2a-6742f5de635e,gin.store,premium,1625,6500,high,low,3,namecheap,,,24/09/2026 18:31
af8602b3-da7c-4517-827d-fc6f98e5b694,confated.store,available,,,medium,low,8,,,,
6c7de606-78a2-4997-a6bf-6c1eb18fb3cb,palaeoweather.store,available,,,high,high,13,,,,
b14dd308-6543-444f-b1b7-fdd59212330d,cameo.store,available,,,high,high,5,,,,
b198a383-ea39-43bc-8dc3-a388460c0383,xvi.store,premium,640,640,high,low,3,namesilo,,,21/09/2026 11:49
4388dd75-ae4c-4956-9985-f92323dc0fc1,longhaired.store,available,2.99,,high,high,10,name.com,,,
348b73a8-8ba7-440c-a26e-dbef8922d0e0,fouquereuil.store,available,,,high,high,11,,,,
62aa9482-5991-4b30-a153-e5be44bcf6c6,medivac.store,available,,,high,high,7,,,,
fb5c30f8-b7d4-49fa-b28a-11e73823d5d9,rugger.store,available,,,high,high,6,,,,
05b8fa60-b138-4756-8360-c6615f36f39c,blackburn.store,premium,640,640,high,low,9,namesilo,,,24/09/2026 02:11
d4636c33-51d1-4b5b-b956-354c5a24fc4a,colouration.store,available,,,high,high,11,,,,
cd851c02-19eb-4400-9122-9f0166447057,acquisitive.store,available,,,high,high,11,,,,
d8507d77-dc90-4159-a95e-360c6c8dcf1e,unmanned.store,premium,81.25,325,high,low,8,namecheap,,,09/09/2026 13:50
d330905c-a64f-4b85-a31c-187a8ed5d384,manufacturer.store,available,,,high,high,12,,,,
70134d65-a7ab-4e0c-a86e-80abe05508fc,autobus.store,premium,312.5,1250,high,low,7,name.com,,,21/09/2026 05:51
e2235752-d14c-41d8-b4df-1b747cf7d006,factitious.store,available,0.98,43.98,medium,low,10,namecheap,,,17/08/2026 20:27
cbce1be5-5e6e-4779-a2bd-dd34c5125e9b,bata.store,premium,1107,1107,high,low,4,namesilo,,,22/09/2026 13:09
f4f22eea-e8b5-4160-84d3-6c8a3ad24ae3,facetiously.store,available,,,high,high,11,,,,
df0720ee-1978-405b-8a29-96c6b9959df5,weakener.store,available,,,high,high,8,,,,
645e8193-81ce-4e03-a454-784ebefa3b34,divorceable.store,available,,,high,low,11,,,,
8c639af4-6fe8-40fd-a9e0-6a26ead4235f,owners.store,available,,,high,medium,6,,,,
d52e9570-8abb-44d1-82a8-26ce0eca412d,pops.store,premium,812.5,3250,high,low,4,namecheap,,,18/09/2026 21:55
44ee409f-9f26-4fb7-a7b3-838f493e97cd,conditionally.store,available,,,high,high,13,,,,
135fd041-0b65-46de-bba3-49c0fdb5d267,piddling.store,available,0.98,43.98,medium,low,8,namecheap,,,18/08/2026 03:33
b24f3c17-209b-40ec-9cff-4e297f95dee3,reed.store,premium,1107,1107,high,low,4,namesilo,,,22/09/2026 21:42
a50d981e-1d4a-4b01-8db3-161d0d5188a2,cattish.store,available,0.98,43.98,medium,low,7,namecheap,,,10/08/2026 07:28
35679f43-5e6b-4d2c-8e2b-0972bb1b3bb9,promptness.store,available,,,high,high,10,,,,
a7b7ddbd-d0db-4646-8598-6b82c5f9559d,agonist.store,premium,162.5,650,high,low,7,namecheap,,,17/09/2026 18:56
16c712de-66eb-4b9f-98bb-bf6ebf1e7c6c,supercargo.store,available,,,high,high,10,,,,
691cde08-c171-44d2-9b0a-7417bcfd9de4,snobbish.store,premium,156.25,625,high,low,8,name.com,,,12/08/2026 11:21
75fd5283-984e-4488-a4d0-0abbc71eceb5,inkjets.store,available,,,medium,low,7,,,,
69536ce8-4066-47ec-ba31-122c84d27ccf,amex.store,premium,1107,1107,high,high,4,namesilo,,,18/09/2026 20:44
53411fcf-652e-4a9c-b15d-e0bc8a32d02d,freethought.store,available,,,high,high,12,,,,
5999b2be-f4cc-4766-8bd0-9873cef787a1,lest.store,premium,1107,1107,high,high,4,namesilo,,,25/09/2026 11:36
3160d9a1-b117-4543-af84-ed568b7b6236,dancingly.store,available,,,high,medium,9,,,,
3e642851-20fb-41f1-abd4-263e43d33d4a,russet.store,premium,81.25,325,high,low,6,namecheap,,,09/09/2026 20:06
87d6a9f1-0aca-4ea3-bf97-e765ae2e9fd7,spamblock.store,available,,,high,high,9,,,,
e3c9ef99-95e4-4d86-95f6-ed0fcbc31143,scarborough.store,premium,640,640,high,medium,11,namesilo,,,25/09/2026 13:47
a0332a9d-8d31-481d-8561-ea31846a7354,biblical.store,premium,781.25,3125,high,low,8,name.com,,,09/08/2026 18:53
c1d84cce-b0a3-4676-9e8b-910ff08ed3f3,rosie.store,available,,,high,high,5,,,,
f588d0df-d02b-4575-8dd6-971fcb6b64b1,footnotes.store,available,,,high,medium,9,,,,
4aa46b5e-c190-4778-9922-05b78be9dd47,deduplicate.store,available,,,high,high,11,,,,
df63793f-a30c-437a-9dcd-c0ee7e37ebf6,handworked.store,available,,,high,high,10,,,,
fe201588-5638-482f-9fa6-6ee9647b741a,toiletries.store,premium,781.25,3125,high,low,10,name.com,,,
8c22a3c7-6eee-4446-90cd-924a6bbf4f2d,apprize.store,available,,,high,high,7,,,,
95c9bb53-e361-44a2-b348-c407923da173,flake.store,premium,156.25,625,high,low,5,name.com,,,14/08/2026 23:23
d60109e5-8a37-4c30-93bd-3edf97430d45,frenchify.store,available,,,high,high,9,,,,
65719363-4fff-4ab2-8dbf-bd01e59b1650,souvenir.store,available,,,high,high,8,,,,
b6b78599-e3f6-4ae2-9c4d-29dd72d8aa3e,cataloguers.store,available,,,medium,low,11,,,,
b10ddc7d-8cd0-45e6-bfc9-7560bb48320c,orangeade.store,available,,,high,high,9,,,,
9eb9995e-da5c-487e-b905-74ac07d7a884,valediction.store,available,,,high,high,11,,,,
eec72ee8-646d-4e34-bf63-30c0da808adf,felicity.store,available,,,high,high,8,,,,
87ec8009-928b-4f66-8750-2f12d61d0a3d,runpast.store,available,,,high,high,8,,,,
e8588c70-f96b-4aa4-a49d-6f46639a561f,canoe.store,premium,312.5,,high,low,5,name.com,,,
69698707-f64d-4957-bd61-d89b22093efe,kilobyte.store,premium,78.12,,high,low,8,name.com,,,
e4333461-c17b-4ea2-81e6-d78431037943,graecoarmenian.store,available,,,high,high,15,,,,
d4a87481-1c15-4674-8bd5-37c144cf3585,efolding.store,available,,,high,low,9,,,,
51508f41-e659-44a3-9f12-e8c3101b4818,muscularity.store,available,,,high,low,11,,,,
713e12c5-a7b4-4b4a-b7d1-9925cade09bc,moo.store,premium,312.5,1250,high,low,3,name.com,,,24/08/2026 10:19
a0e2e4fe-7876-45ea-b137-f69aa5ec1f55,thingamabob.store,available,,,high,high,11,,,,
4ec1e070-a107-4575-81cf-e6adc9358366,centimeters.store,available,,,medium,low,11,,,,
31c1ae36-7fca-4697-bd08-0c40123051d7,forumite.store,available,,,high,high,8,,,,
041551b8-2aed-417d-88bd-dd4878e4614f,indoaryan.store,available,0.98,43.98,high,low,10,namecheap,,,06/08/2026 23:56
d3f68d6b-48ee-4470-88a4-82ec4229c259,telecon.store,available,,,high,high,7,,,,
3c7f6630-329c-46c9-82dc-586a8e6e33d5,helpless.store,premium,78.12,312.5,high,low,8,name.com,,,21/08/2026 06:38
b284bcc9-62e0-488a-a8ea-07761a7cd558,whiteabbey.store,available,,,high,high,10,,,,
941ec049-a388-45f5-9a25-d4facfbf0209,snowboards.store,available,,,high,medium,10,,,,
a56ed8ed-de7c-4ce6-8c55-983e784d367d,lifeforms.store,available,,,high,high,9,,,,
d64debb0-51e3-4311-8868-c7f6d59c38c4,permeates.store,available,,,medium,low,9,,,,
2b42edb2-fe9c-4f15-9dff-e1cc68e145e1,cherubim.store,available,,,high,high,8,,,,
e3a76aee-36f9-4747-abeb-de9759acc780,pudendal.store,available,0.98,43.98,medium,low,8,namecheap,,,09/09/2026 05:28
d8f36a95-f707-46d7-b9a9-83de18bac119,zenlike.store,available,,,high,high,7,,,,
ce170971-e833-43b3-af7d-2098bd0d2cb6,lucubrate.store,available,0.98,43.98,medium,low,9,namecheap,,,15/08/2026 23:00
6e7f59ff-8751-4672-a398-19cfa9b43c36,elkesley.store,available,,,high,high,8,,,,
71169855-083e-4653-8fda-3aca91ccbc9c,homogenise.store,available,,,high,high,10,,,,
30bc05ff-3e09-473f-872a-4d340cbc5b2b,moist.store,premium,78.12,312.5,high,low,5,name.com,,,13/08/2026 16:43
e035e42c-1de0-46e1-b553-e53767fead0d,ploughland.store,available,,,high,high,10,,,,
6809f167-514a-4461-94a3-68e95319e965,bnsf.store,available,,,high,high,4,,,,
200b3771-501d-4b7e-b161-feb011f0c1b1,grants.store,available,,,high,high,6,,,,
86b30b14-bc8e-4d55-bc5e-143477833a4f,jar.store,premium,781.25,,high,low,3,name.com,,,
c61ee458-4591-4980-8eb3-3c819615c4d3,affectioned.store,available,,,high,high,11,,,,
095d2824-5b2b-4ef4-98c4-1beeea800984,bruce.store,premium,312.5,,high,low,5,name.com,,,
dfdc2af5-a951-484e-8980-a34ac0220b40,overside.store,premium,81.25,325,high,low,8,namecheap,,,15/09/2026 18:29
97cb5130-724a-4469-b76f-0f63cb5dcc1f,directoral.store,available,,,high,high,10,,,,
fe99ab4a-831f-4010-b55d-52df7421a5ab,dishwashers.store,available,,,high,low,11,,,,
ec96619f-e61d-41b2-b655-0f89b9b18373,unsurpassably.store,available,,,high,high,13,,,,
a7b9e786-50eb-4e96-ab24-0a37a3ff3837,betty.store,available,,,high,high,5,,,,
2562420e-80f5-4514-a83e-c7835e15dace,sell.store,premium,1562.5,,high,medium,4,name.com,,,
1e291143-a2dd-4543-ae52-06e3efef526f,roflmao.store,available,,,high,high,7,,,,
f95c2d99-ddd3-4526-a7f5-8277f434b4fd,shorebird.store,available,,,high,high,9,,,,
7e0f77e0-f79a-45d6-8d5a-8e639f510708,rack.store,available,,,high,high,4,,,,
d1237ca9-600e-446e-8a2f-31785b834af4,wolfsbane.store,premium,162.5,650,high,low,9,namecheap,,,17/09/2026 02:06
b31b5d8a-04b0-4fdc-a75d-00cf8435816a,pathological.store,available,,,high,high,12,,,,
0f574b7f-6429-4a10-ab05-a555c7c502f3,confirmatory.store,available,,,high,high,12,,,,
b4a6e2ce-0ae3-411c-8252-b67ebd52ce39,internationalise.store,available,,,high,high,16,,,,
86f890c1-38a5-4593-9d90-49310a287304,tagged.store,premium,156.25,625,high,low,6,name.com,,,22/08/2026 17:17
5f207afc-5665-409c-a340-a53e0b4e3273,scratchy.store,premium,78.12,312.5,high,low,8,name.com,,,
590b2b10-2fdf-4148-88db-64d6e3e496a1,brainteasers.store,available,,,high,low,12,,,,
a726297b-2499-42a3-9b7c-d4c3564c852b,leds.store,available,,,high,low,4,,,,
465e9f9b-19a8-45fd-b6cd-30c9d9dfd03f,javan.store,premium,156.25,625,high,low,5,name.com,,,22/08/2026 12:30
d3ac6294-b4da-40fd-8433-467144dde7a3,prisoner.store,premium,312.5,1250,high,low,8,name.com,,,11/08/2026 18:26
a2604236-d0ab-4d23-b2f2-66d7c1c0b101,surinamese.store,available,,,high,high,10,,,,
4438c776-b13f-4013-8ff5-2778c5e9bdaf,nuoro.store,available,,,high,high,5,,,,
262b2146-0751-4269-8ecf-b284d65a3e46,graces.store,available,,,high,medium,6,,,,
4de4df59-644c-484c-b658-9bd4439bc561,fda.store,premium,1107,1107,high,low,3,namesilo,,,25/09/2026 05:55
ad3f60e6-1e99-4caa-8b01-fa2749c114f1,nonparticipant.store,available,,,high,high,14,,,,
a17e8475-8a19-46e6-96ea-03158974a510,frannie.store,available,,,high,high,7,,,,
ed167aa9-b871-4449-ab9b-59c3124c8d3a,exposing.store,available,,,high,medium,8,,,,
4b52dca9-088b-4dc3-942e-18fc41ed8a7b,commode.store,premium,162.5,650,high,medium,7,namecheap,,,09/09/2026 00:51
6b3fc8ab-c9f5-459c-9f88-5ce0ed76dc79,backlift.store,available,,,high,high,8,,,,
d2aaa7f2-3fac-4622-9a0d-8c81e6f6c217,omnipotent.store,premium,312.5,1250,high,low,10,name.com,,,
94267b90-d28e-4bfe-8c36-9b981e9268f2,jument.store,premium,81.25,325,medium,low,6,namecheap,,,22/09/2026 21:27
85cd09a5-1c82-4f8c-a057-41666f6dff19,interfacing.store,available,,,high,high,11,,,,
c279c4b8-3246-48b6-b15a-861d1cb6eab1,dexterous.store,premium,156.25,625,high,low,9,name.com,,,13/08/2026 23:51
d6c75cf3-a8d7-4412-a652-792e74f52cdd,advisedly.store,premium,81.25,325,medium,low,9,namecheap,,,13/09/2026 17:38
7a854033-209e-444b-bdda-616640918144,variety.store,premium,3450,3450,high,low,7,namesilo,,,25/09/2026 12:52
f5208328-5058-4f2d-b72c-69add0465b89,dowse.store,available,,,high,high,5,,,,
37b83c30-6975-4e4f-866b-2c62925a51c0,achomawi.store,available,5.19,58.99,medium,low,8,namesilo,,,17/09/2026 00:49
bd96eba6-9ef0-4811-8285-76b810c9d923,asphyxia.store,premium,640,640,high,low,8,namesilo,,,20/09/2026 15:10
777614c3-5561-45aa-8f11-c6f139c751e8,heracles.store,resell,,,high,low,8,"GoDaddy.com, LLC",09/07/2026 02:06,09/07/2027 02:06,26/09/2026 06:38
3a458e1c-6f84-49b1-8b8d-dae92ff4cd23,mouse.store,premium,781.25,,high,low,5,name.com,,,
7a246933-062e-4b6a-a89b-d0b6d1848d09,egg.store,premium,781.25,,high,low,3,name.com,,,
3693a3cb-cb45-43a3-9e6f-a1cb644136be,pealed.store,available,,,medium,low,6,,,,
35c25892-74a6-44d7-89c3-b00eae8d1026,martin.store,available,,,high,high,6,,,,
43408b85-11ae-487f-8a21-a4e7576b3aaa,visibility.store,premium,312.5,,high,low,10,name.com,,,
eeb31067-d491-4085-a2ab-d1ee435a2406,arthropod.store,available,5.19,58.99,high,low,9,namesilo,,,20/09/2026 10:41
8ad61b33-0886-410f-961b-b733f449c6ca,teachingly.store,available,,,high,high,10,,,,
cb9d7550-844d-4f1d-ad59-5651d81abf7c,brilliantness.store,available,,,medium,low,13,,,,
f247044c-f945-47ea-ba65-6ff69359bc4d,steffie.store,available,,,high,high,7,,,,
03cdfa9c-19bd-410f-a2d0-aeb13f4289f9,glamorizing.store,available,,,medium,low,11,,,,
d5ba6a54-252a-4bd5-bd37-6d1db2249388,allopathic.store,available,0.98,43.98,high,low,10,namecheap,,,
d03c2208-e4e8-4a64-ad6e-db80c414b963,centers.store,available,,,high,low,7,,,,
afda2d37-57c5-4f67-a9ff-71c9edbbfd32,groundsheets.store,available,,,medium,low,12,,,,
3ed0ace0-7bd4-4be8-ab70-5b3af4c7412e,provencal.store,premium,81.25,325,high,low,9,namecheap,,,09/09/2026 04:28
76ad494f-88b3-488a-8592-386b85a37799,lana.store,available,,,high,high,4,,,,
9eec2feb-8c59-4818-a0fa-2d5e684bca9b,gouty.store,available,0.98,43.98,medium,low,5,namecheap,,,20/08/2026 17:18
ed14d952-dc6b-4b6f-a383-a963d8b9f6e1,asbestos.store,premium,640,640,high,low,8,namesilo,,,20/09/2026 12:54
6c8f10d6-af16-4855-81dc-37819be478ba,googlers.store,available,,,medium,low,8,,,,
a30d27a6-3464-48b9-871f-c12c1a87fabd,collaborative.store,premium,302.5,302.5,high,high,13,namesilo,,,25/09/2026 09:05
8172ea42-b538-45e1-aaa3-44161e995f78,camper.store,premium,781.25,,high,high,6,name.com,,,
265876de-7301-48c5-b9b4-167294e638e7,effusion.store,available,,,high,high,8,,,,
660c1b83-16ae-4a05-a074-3ffef17338b2,tug.store,premium,156.25,,high,low,3,name.com,,,
787f5c44-36e8-4444-af8f-c7c57ec2bb64,crow.store,premium,312.5,1250,high,low,4,name.com,,,11/08/2026 00:56
93a8f64d-428c-4b05-9e61-a6903da1ba23,dustcovers.store,available,,,medium,low,10,,,,
15a66aab-bd1a-4103-b269-0f2c01e5d7c1,augeas.store,premium,302.5,302.5,medium,low,6,namesilo,,,21/09/2026 03:15
d609d718-f70f-4bb3-afe9-f671339cc0dc,drive.store,premium,812.5,3250,high,medium,5,namecheap,,,24/09/2026 12:12
152a80a5-b1df-4c73-aa93-277c8b1a75aa,bayat.store,premium,81.25,325,high,low,5,namecheap,,,22/09/2026 17:57
3e3ee824-d0c8-4467-a878-fccfb9853496,comprised.store,available,,,medium,low,9,,,,
715cdac9-96e4-4eaa-ae71-5aaa5634690e,empiricism.store,available,,,high,high,10,,,,
44f85376-47de-488d-9431-394c1807f0a2,hybrid.store,premium,1107,1107,high,low,6,namesilo,,,25/09/2026 07:10
0579473a-8860-4d5a-a1e9-10a6072955ab,chimeras.store,available,,,high,low,8,,,,
d1889471-d002-454d-abcf-4256eefe7dd3,humour.store,premium,1107,1107,high,low,6,namesilo,,,24/09/2026 06:31
64421a49-4d14-4933-91a7-322910f00d2c,overabundant.store,available,,,high,high,12,,,,
084dda1a-d951-4f18-bdb1-e68efa279b22,surtout.store,available,,,high,high,7,,,,
eb057a2b-ba65-40ea-aae9-aaccf7d88f18,uncool.store,resell,,,high,low,6,"GoDaddy.com, LLC",13/11/2025 16:14,13/11/2026 23:59,26/09/2026 09:50
019dff92-4562-4097-83de-b7476274568d,osaka.store,available,,,high,high,5,,,,
d5f621d0-9857-48fd-a0af-38c41c53cdb6,structurally.store,premium,162.5,650,medium,low,12,namecheap,,,17/09/2026 20:10
e93d5a8d-1de3-418d-b184-18f40df45ea7,disembarking.store,available,,,high,high,12,,,,
5000207f-99f5-4194-abca-6ef4db31dc19,jetboats.store,available,,,high,low,8,,,,
06bb31db-2d68-4a20-926f-bba602762c06,chagall.store,available,,,high,high,7,,,,
bc4c9e09-47de-4d6e-9d3b-de88ac95cb0c,watered.store,premium,78.12,312.5,high,low,7,name.com,,,25/08/2026 03:28
13c3778a-4a8d-4f27-bc03-2b76130eb1ad,oklahoma.store,premium,1107,1107,high,low,8,namesilo,,,26/09/2026 00:08
fa24a2cd-a4d8-4307-94a7-1bb9d69d7b6b,whew.store,available,,,high,high,4,,,,
3f33d0b2-2baf-43ab-94e7-7e73bfe7f10a,diamonds.store,premium,1562.5,,high,low,8,name.com,,,
0a1270d8-1ec0-48c3-84f5-cd20b7c3c605,islamic.store,premium,312.5,1250,high,low,7,name.com,,,22/08/2026 10:50
dd3a737a-ee32-42eb-84dc-0e38a9543bc1,everloving.store,available,,,high,high,10,,,,
b017ad10-5cd1-4efd-81e8-7ffed891ab66,moonwalk.store,premium,302.5,302.5,high,high,8,namesilo,,,25/09/2026 12:11
16ef2e44-2088-4bd6-8a94-5b2383824173,stepson.store,premium,78.12,,high,low,7,name.com,,,
2045e946-203a-471d-b1a0-515143a6598e,fiddles.store,available,,,high,low,7,,,,
b8da2b5e-842c-40da-9e37-4e9f800ba348,trickling.store,available,,,high,high,9,,,,
704e2f2b-3d8f-4064-bb4c-19e690bb6b70,linelike.store,available,0.98,43.98,medium,low,8,namecheap,,,23/08/2026 15:03
4fcd8867-8405-4b8a-a35e-1e0861cd4519,sawmill.store,available,,,high,high,7,,,,
b723294d-dbf1-46b0-85af-9e67145f4751,confederates.store,available,,,high,low,12,,,,
feb8ef33-5fb3-4b71-a465-76fb65e24698,cerise.store,premium,156.25,625,high,low,6,name.com,,,10/08/2026 15:04
84622797-ef61-4c5d-8606-21ecde1e18b6,bode.store,premium,1107,1107,high,low,4,namesilo,,,21/09/2026 03:28
edb04fdd-5d89-492a-a722-f629c6259d60,percolates.store,available,,,medium,low,10,,,,
6f25549f-2afc-4254-ae6f-e278ec9fb3e1,bigotry.store,premium,162.5,650,high,low,7,namecheap,,,23/09/2026 15:23
bed2eba9-481f-4d39-bfde-3ae2cb63ad63,dandling.store,available,,,high,high,8,,,,